"__v","_id","centercode","centername","dateCreated","dateModified","is_direct","programmename","sstatename"
,"ObjectId(""5bdc13ea3b45d25c65324b31"")","8038","Aloha Bopal","ISODate(""2018-11-12T14:10:24.917+05:30"")","ISODate(""2018-11-12T14:10:24.917+05:30"")",false,"English Smart","Gujarat"
,"ObjectId(""5bdc13ea3b45d25c65324b32"")","8039","Aloha Ved Road","ISODate(""2018-11-12T14:12:21.251+05:30"")","ISODate(""2018-11-12T14:12:21.251+05:30"")",false,"Mental Arithmetic","Gujarat"
,"ObjectId(""5bdc13ea3b45d25c65324b33"")","8039","Aloha Ved Road","ISODate(""2018-11-12T14:12:40.931+05:30"")","ISODate(""2018-11-12T14:12:40.931+05:30"")",false,"Tiny Tots","Gujarat"
,"ObjectId(""5bdc13ea3b45d25c65324b34"")","8039","Aloha Ved Road","ISODate(""2018-11-12T14:13:05.643+05:30"")","ISODate(""2018-11-12T14:13:05.643+05:30"")",false,"English Smart","Gujarat"
,"ObjectId(""5bdc13ea3b45d25c65324b35"")","8040","Aloha Kalawad Road","ISODate(""2018-11-12T14:14:04.206+05:30"")","ISODate(""2018-11-12T14:14:04.206+05:30"")",false,"Mental Arithmetic","Gujarat"
,"ObjectId(""5bdc13ea3b45d25c65324b36"")","8040","Aloha Kalawad Road","ISODate(""2018-11-12T14:14:29.992+05:30"")","ISODate(""2018-11-12T14:14:29.992+05:30"")",false,"Tiny Tots","Gujarat"
,"ObjectId(""5bdc13ea3b45d25c65324b37"")","8040","Aloha Kalawad Road","ISODate(""2018-11-12T14:14:53.151+05:30"")","ISODate(""2018-11-12T14:14:53.151+05:30"")",false,"English Smart","Gujarat"
,"ObjectId(""5bdc13ea3b45d25c65324b38"")","8041","Aloha Adajan Surat","ISODate(""2018-11-12T14:16:00.268+05:30"")","ISODate(""2018-11-12T14:16:00.268+05:30"")",false,"Mental Arithmetic","Gujarat"
,"ObjectId(""5bdc13ea3b45d25c65324b39"")","8041","Aloha Adajan Surat","ISODate(""2018-11-12T14:16:26.044+05:30"")","ISODate(""2018-11-12T14:16:26.044+05:30"")",false,"Tiny Tots","Gujarat"
,"ObjectId(""5bdc13ea3b45d25c65324b3a"")","8041","Aloha Adajan Surat","ISODate(""2018-11-12T14:16:46.867+05:30"")","ISODate(""2018-11-12T14:16:46.867+05:30"")",false,"English Smart","Gujarat"
,"ObjectId(""5bdc13ea3b45d25c65324b3b"")","8042","Aloha Guruprashad Chowk","ISODate(""2018-11-12T14:17:28.716+05:30"")","ISODate(""2018-11-12T14:17:28.716+05:30"")",false,"Mental Arithmetic","Gujarat"
,"ObjectId(""5bdc13ea3b45d25c65324b3c"")","8042","Aloha Guruprashad Chowk","ISODate(""2018-11-12T14:17:50.721+05:30"")","ISODate(""2018-11-12T14:17:50.721+05:30"")",false,"Tiny Tots","Gujarat"
,"ObjectId(""5bdc13ea3b45d25c65324b3d"")","8042","Aloha Guruprashad Chowk","ISODate(""2018-11-12T14:18:14.323+05:30"")","ISODate(""2018-11-12T14:18:14.323+05:30"")",false,"English Smart","Gujarat"
,"ObjectId(""5bdc13ea3b45d25c65324b3e"")","8043","Aloha New Cg Road","ISODate(""2018-11-12T14:18:49.376+05:30"")","ISODate(""2018-11-12T14:18:49.376+05:30"")",false,"Mental Arithmetic","Gujarat"
,"ObjectId(""5bdc13ea3b45d25c65324b3f"")","8043","Aloha New Cg Road","ISODate(""2018-11-12T14:19:10.374+05:30"")","ISODate(""2018-11-12T14:19:10.374+05:30"")",false,"Tiny Tots","Gujarat"
,"ObjectId(""5bdc13ea3b45d25c65324b40"")","8043","Aloha New Cg Road","ISODate(""2018-11-12T14:19:33.067+05:30"")","ISODate(""2018-11-12T14:19:33.067+05:30"")",false,"English Smart","Gujarat"
,"ObjectId(""5bdc13ea3b45d25c65324b41"")","8044","Aloha Vesu","ISODate(""2018-11-12T14:28:39.076+05:30"")","ISODate(""2018-11-12T14:28:39.076+05:30"")",false,"Mental Arithmetic","Gujarat"
,"ObjectId(""5bdc13ea3b45d25c65324b42"")","8044","Aloha Vesu","ISODate(""2018-11-12T14:29:00.948+05:30"")","ISODate(""2018-11-12T14:29:00.948+05:30"")",false,"Tiny Tots","Gujarat"
,"ObjectId(""5bdc13ea3b45d25c65324b43"")","8044","Aloha Vesu","ISODate(""2018-11-12T14:29:26.482+05:30"")","ISODate(""2018-11-12T14:29:26.482+05:30"")",false,"English Smart","Gujarat"
,"ObjectId(""5bdc13ea3b45d25c65324b44"")","8045","Aloha Ranchhodnagar","ISODate(""2018-11-12T14:30:04.365+05:30"")","ISODate(""2018-11-15T12:13:12.669+05:30"")",false,"Mental Arithmetic","Gujarat"
,"ObjectId(""5bdc13ea3b45d25c65324b45"")","8045","Aloha Ranchhodnagar","ISODate(""2018-11-12T14:30:30.144+05:30"")","ISODate(""2018-11-15T12:13:38.808+05:30"")",false,"Tiny Tots","Gujarat"
,"ObjectId(""5bdc13ea3b45d25c65324b46"")","8045","Aloha Ranchhodnagar","ISODate(""2018-11-12T14:30:55.249+05:30"")","ISODate(""2018-11-15T12:14:08.255+05:30"")",false,"English Smart","Gujarat"
,"ObjectId(""5bdc13ea3b45d25c65324b47"")","8046","Aloha Sudamachawk","ISODate(""2018-11-12T14:31:41.439+05:30"")","ISODate(""2018-11-12T14:31:41.439+05:30"")",false,"Mental Arithmetic","Gujarat"
,"ObjectId(""5bdc13ea3b45d25c65324b48"")","8046","Aloha Sudamachawk","ISODate(""2018-11-12T14:32:04.369+05:30"")","ISODate(""2018-11-12T14:32:04.369+05:30"")",false,"Tiny Tots","Gujarat"
,"ObjectId(""5bdc13ea3b45d25c65324b49"")","8046","Aloha Sudamachawk","ISODate(""2018-11-12T14:32:25.663+05:30"")","ISODate(""2018-11-12T14:32:25.663+05:30"")",false,"English Smart","Gujarat"
,"ObjectId(""5bdc13ea3b45d25c65324b4a"")","8047","Aloha Madhapar Chowkdi","ISODate(""2018-11-12T14:33:02.890+05:30"")","ISODate(""2018-11-12T14:33:02.890+05:30"")",false,"Mental Arithmetic","Gujarat"
,"ObjectId(""5bdc13ea3b45d25c65324b4b"")","8047","Aloha Madhapar Chowkdi","ISODate(""2018-11-12T14:33:27.226+05:30"")","ISODate(""2018-11-12T14:33:27.226+05:30"")",false,"Tiny Tots","Gujarat"
,"ObjectId(""5bdc13ea3b45d25c65324b4c"")","8047","Aloha Madhapar Chowkdi","ISODate(""2018-11-12T14:33:50.907+05:30"")","ISODate(""2018-11-12T14:33:50.907+05:30"")",false,"English Smart","Gujarat"
,"ObjectId(""5bdc13ea3b45d25c65324b4d"")","8048","Aloha Narol","ISODate(""2018-11-12T14:34:54.126+05:30"")","ISODate(""2018-11-12T14:34:54.126+05:30"")",false,"Mental Arithmetic","Gujarat"
,"ObjectId(""5bdc13ea3b45d25c65324b4e"")","8048","Aloha Narol","ISODate(""2018-11-12T14:35:16.201+05:30"")","ISODate(""2018-11-12T14:35:16.201+05:30"")",false,"Tiny Tots","Gujarat"
,"ObjectId(""5bdc13ea3b45d25c65324b4f"")","8048","Aloha Narol","ISODate(""2018-11-12T14:35:41.848+05:30"")","ISODate(""2018-11-12T14:35:41.848+05:30"")",false,"English Smart","Gujarat"
,"ObjectId(""5bdc13ea3b45d25c65324b69"")","8057","Aloha Piplod","ISODate(""2018-11-12T14:37:47.921+05:30"")","ISODate(""2018-11-12T14:37:47.921+05:30"")",false,"Tiny Tots","Gujarat"
,"ObjectId(""5bdc13ea3b45d25c65324b6a"")","8057","Aloha Piplod","ISODate(""2018-11-12T14:38:08.798+05:30"")","ISODate(""2018-11-12T14:38:08.798+05:30"")",false,"English Smart","Gujarat"
,"ObjectId(""5bdc13ea3b45d25c65324b6b"")","8058","Aloha Valsad","ISODate(""2018-11-12T14:39:46.525+05:30"")","ISODate(""2018-11-12T14:39:46.525+05:30"")",false,"Mental Arithmetic","Gujarat"
,"ObjectId(""5bdc13ea3b45d25c65324b6c"")","8058","Aloha Valsad","ISODate(""2018-11-12T14:40:13.415+05:30"")","ISODate(""2018-11-12T14:40:13.415+05:30"")",false,"Tiny Tots","Gujarat"
,"ObjectId(""5bdc13ea3b45d25c65324b6d"")","8058","Aloha Valsad","ISODate(""2018-11-12T14:40:39.584+05:30"")","ISODate(""2018-11-12T14:40:39.584+05:30"")",false,"English Smart","Gujarat"
,"ObjectId(""5bdc13ea3b45d25c65324b6e"")","8059","Aloha Dahod","ISODate(""2018-11-12T14:41:13.409+05:30"")","ISODate(""2018-11-15T11:51:59.947+05:30"")",false,"Mental Arithmetic","Gujarat"
,"ObjectId(""5bda8df456363511b0c844a7"")","6730","Aloha Melarmath",,,,"Speed Maths","Tripura"
,"ObjectId(""5bda8e0256363511b0c844a8"")","6731","Aloha  Motorstand",,,,"Speed Maths","Tripura"
,"ObjectId(""5bda8eaa56363511b0c844a9"")","1088","Aloha Neelangarai",,,true,"Mental Arithmetic","Tamil Nadu"
,"ObjectId(""5bda8ed556363511b0c844aa"")","1099","Aloha Periya Palayam",,,true,"Mental Arithmetic","Tamil Nadu"
,"ObjectId(""5bda8eee56363511b0c844ab"")","1099","Aloha Periya Palayam",,,true,"Tiny Tots","Tamil Nadu"
,"ObjectId(""5bda8f0256363511b0c844ac"")","1088","Aloha Neelangarai",,,true,"Tiny Tots","Tamil Nadu"
"0","ObjectId(""5bda9f7d192190eb65c10f91"")","9046","Aloha Konnagar","ISODate(""2018-11-01T12:08:53.106+05:30"")","ISODate(""2018-11-01T12:08:53.114+05:30"")",,"English Smart","West Bengal"
"0","ObjectId(""5bdaa141192190eb65c10f92"")","1937","Aloha Mahapura","ISODate(""2018-11-01T12:16:25.579+05:30"")","ISODate(""2018-11-01T12:16:25.587+05:30"")",true,"Speed Maths","Rajasthan"
,"ObjectId(""5bdc13ea3b45d25c65324ac0"")","8001","Aloha Prahalad Nager","ISODate(""2018-11-12T14:42:43.540+05:30"")","ISODate(""2018-11-12T14:42:43.540+05:30"")",false,"Mental Arithmetic","Gujarat"
,"ObjectId(""5bdc13ea3b45d25c65324ac1"")","8001","Aloha Prahalad Nager","ISODate(""2018-11-12T14:43:06.232+05:30"")","ISODate(""2018-11-12T14:43:06.232+05:30"")",false,"Tiny Tots","Gujarat"
,"ObjectId(""5bdc13ea3b45d25c65324ac2"")","8001","Aloha Prahalad Nager","ISODate(""2018-11-12T14:43:31.992+05:30"")","ISODate(""2018-11-12T14:43:31.992+05:30"")",false,"English Smart","Gujarat"
,"ObjectId(""5bdc13ea3b45d25c65324ac3"")","8002","Aloha Sumuldairy road","ISODate(""2018-11-12T14:44:21.708+05:30"")","ISODate(""2018-11-12T14:44:21.708+05:30"")",false,"Mental Arithmetic","Gujarat"
,"ObjectId(""5bdc13ea3b45d25c65324ac4"")","8002","Aloha Sumuldairy road","ISODate(""2018-11-12T14:44:42.782+05:30"")","ISODate(""2018-11-12T14:44:42.782+05:30"")",false,"Tiny Tots","Gujarat"
,"ObjectId(""5bdc13ea3b45d25c65324ac5"")","8002","Aloha Sumuldairy road","ISODate(""2018-11-12T14:45:07.129+05:30"")","ISODate(""2018-11-12T14:45:07.129+05:30"")",false,"English Smart","Gujarat"
,"ObjectId(""5bdc13ea3b45d25c65324ac6"")","8003","Aloha South Bopla","ISODate(""2018-11-12T14:46:10.069+05:30"")","ISODate(""2018-11-12T14:46:10.069+05:30"")",false,"Mental Arithmetic","Gujarat"
,"ObjectId(""5bdc13ea3b45d25c65324ac7"")","8003","Aloha South Bopla","ISODate(""2018-11-12T14:46:45.510+05:30"")","ISODate(""2018-11-12T14:46:45.510+05:30"")",false,"Tiny Tots","Gujarat"
,"ObjectId(""5bdc13ea3b45d25c65324ac8"")","8003","Aloha South Bopla","ISODate(""2018-11-12T14:47:10.170+05:30"")","ISODate(""2018-11-12T14:47:10.170+05:30"")",false,"English Smart","Gujarat"
,"ObjectId(""5bdc13ea3b45d25c65324ac9"")","8006","Aloha Punakumbharia","ISODate(""2018-11-12T14:48:23.985+05:30"")","ISODate(""2018-11-12T14:48:23.985+05:30"")",false,"Mental Arithmetic","Gujarat"
,"ObjectId(""5bdc13ea3b45d25c65324aca"")","8006","Aloha Punakumbharia","ISODate(""2018-11-12T14:48:46.714+05:30"")","ISODate(""2018-11-12T14:48:46.714+05:30"")",false,"Tiny Tots","Gujarat"
,"ObjectId(""5bdc13ea3b45d25c65324acb"")","8006","Aloha Punakumbharia","ISODate(""2018-11-12T14:49:11.430+05:30"")","ISODate(""2018-11-12T14:49:11.430+05:30"")",false,"English Smart","Gujarat"
,"ObjectId(""5bdc13ea3b45d25c65324acc"")","8007","Aloha Palanpur Jakatnaka","ISODate(""2018-11-12T14:49:48.704+05:30"")","ISODate(""2018-11-12T14:49:48.704+05:30"")",false,"Mental Arithmetic","Gujarat"
,"ObjectId(""5bdc13ea3b45d25c65324acd"")","8007","Aloha Palanpur Jakatnaka","ISODate(""2018-11-12T14:50:25.606+05:30"")","ISODate(""2018-11-12T14:50:25.606+05:30"")",false,"Tiny Tots","Gujarat"
,"ObjectId(""5bdc13ea3b45d25c65324ace"")","8007","Aloha Palanpur Jakatnaka","ISODate(""2018-11-12T14:50:53.918+05:30"")","ISODate(""2018-11-12T14:50:53.918+05:30"")",false,"English Smart","Gujarat"
,"ObjectId(""5bdc13ea3b45d25c65324acf"")","8004","Aloha Amroli","ISODate(""2018-11-12T14:51:36.086+05:30"")","ISODate(""2018-11-12T14:51:36.086+05:30"")",false,"Mental Arithmetic","Gujarat"
,"ObjectId(""5bdc13ea3b45d25c65324ad0"")","8004","Aloha Amroli","ISODate(""2018-11-12T14:52:06.625+05:30"")","ISODate(""2018-11-12T14:52:06.625+05:30"")",false,"Tiny Tots","Gujarat"
,"ObjectId(""5bdc13ea3b45d25c65324ad1"")","8004","Aloha Amroli","ISODate(""2018-11-12T14:52:30.756+05:30"")","ISODate(""2018-11-12T14:52:30.756+05:30"")",false,"English Smart","Gujarat"
,"ObjectId(""5bdc13ea3b45d25c65324ad2"")","8008","Aloha Santrampur Center","ISODate(""2018-11-12T14:53:20.917+05:30"")","ISODate(""2018-11-15T11:48:44.179+05:30"")",false,"Mental Arithmetic","Gujarat"
,"ObjectId(""5bdc13ea3b45d25c65324ad3"")","8008","Aloha Santrampur Center","ISODate(""2018-11-12T14:53:45.044+05:30"")","ISODate(""2018-11-15T11:49:12.377+05:30"")",false,"Tiny Tots","Gujarat"
,"ObjectId(""5bdc13ea3b45d25c65324ad4"")","8008","Aloha Santrampur Center","ISODate(""2018-11-12T14:54:22.521+05:30"")","ISODate(""2018-11-15T11:49:53.788+05:30"")",false,"English Smart","Gujarat"
,"ObjectId(""5bdc13ea3b45d25c65324ad5"")","8005","Aloha Shyamal","ISODate(""2018-11-12T14:55:23.602+05:30"")","ISODate(""2018-11-12T14:55:23.602+05:30"")",false,"Mental Arithmetic","Gujarat"
,"ObjectId(""5bdc13ea3b45d25c65324ad6"")","8005","Aloha Shyamal","ISODate(""2018-11-12T14:55:47.664+05:30"")","ISODate(""2018-11-12T14:55:47.664+05:30"")",false,"Tiny Tots","Gujarat"
,"ObjectId(""5bdc13ea3b45d25c65324ad7"")","8005","Aloha Shyamal","ISODate(""2018-11-12T14:56:27.563+05:30"")","ISODate(""2018-11-12T14:56:27.563+05:30"")",false,"English Smart","Gujarat"
,"ObjectId(""5bdc13ea3b45d25c65324ad8"")","8009","Aloha Jolly Bunglow","ISODate(""2018-11-12T14:57:02.283+05:30"")","ISODate(""2018-11-12T14:57:02.283+05:30"")",false,"Mental Arithmetic","Gujarat"
,"ObjectId(""5bdc13ea3b45d25c65324ad9"")","8009","Aloha Jolly Bunglow","ISODate(""2018-11-12T14:57:30.363+05:30"")","ISODate(""2018-11-12T14:57:30.363+05:30"")",false,"Tiny Tots","Gujarat"
,"ObjectId(""5bdc13ea3b45d25c65324ada"")","8009","Aloha Jolly Bunglow","ISODate(""2018-11-12T14:57:56.226+05:30"")","ISODate(""2018-11-12T14:57:56.226+05:30"")",false,"English Smart","Gujarat"
,"ObjectId(""5bdc13ea3b45d25c65324adb"")","8010","Aloha Kamraj","ISODate(""2018-11-12T14:59:00.291+05:30"")","ISODate(""2018-11-12T14:59:00.291+05:30"")",false,"Mental Arithmetic","Gujarat"
,"ObjectId(""5bdc13ea3b45d25c65324adc"")","8010","Aloha Kamraj","ISODate(""2018-11-12T14:59:27.314+05:30"")","ISODate(""2018-11-12T14:59:27.314+05:30"")",false,"Tiny Tots","Gujarat"
,"ObjectId(""5bdc13ea3b45d25c65324add"")","8010","Aloha Kamraj","ISODate(""2018-11-12T14:59:49.913+05:30"")","ISODate(""2018-11-12T14:59:49.913+05:30"")",false,"English Smart","Gujarat"
,"ObjectId(""5bdc13ea3b45d25c65324ade"")","8011","Aloha Mota Mava","ISODate(""2018-11-12T15:01:10.573+05:30"")","ISODate(""2018-11-12T15:01:10.573+05:30"")",false,"Mental Arithmetic","Gujarat"
,"ObjectId(""5bdc13ea3b45d25c65324adf"")","8011","Aloha Mota Mava","ISODate(""2018-11-12T15:01:43.511+05:30"")","ISODate(""2018-11-12T15:01:43.511+05:30"")",false,"Tiny Tots","Gujarat"
,"ObjectId(""5bdc13ea3b45d25c65324ae0"")","8011","Aloha Mota Mava","ISODate(""2018-11-12T15:02:04.958+05:30"")","ISODate(""2018-11-12T15:02:04.958+05:30"")",false,"English Smart","Gujarat"
,"ObjectId(""5bdc13ea3b45d25c65324ae1"")","8012","Aloha Sardarnagar","ISODate(""2018-11-12T15:02:50.665+05:30"")","ISODate(""2018-11-12T15:02:50.665+05:30"")",false,"Mental Arithmetic","Gujarat"
,"ObjectId(""5bdc13ea3b45d25c65324ae2"")","8012","Aloha Sardarnagar","ISODate(""2018-11-12T15:03:15.833+05:30"")","ISODate(""2018-11-12T15:03:15.833+05:30"")",false,"Tiny Tots","Gujarat"
,"ObjectId(""5bdc13ea3b45d25c65324ae3"")","8012","Aloha Sardarnagar","ISODate(""2018-11-12T15:03:39.096+05:30"")","ISODate(""2018-11-12T15:03:39.096+05:30"")",false,"English Smart","Gujarat"
,"ObjectId(""5bdc13ea3b45d25c65324ae4"")","8013","Aloha Althan","ISODate(""2018-11-12T15:04:31.298+05:30"")","ISODate(""2018-11-12T15:04:31.298+05:30"")",false,"Mental Arithmetic","Gujarat"
,"ObjectId(""5bdc13ea3b45d25c65324ae5"")","8013","Aloha Althan","ISODate(""2018-11-12T15:04:57.723+05:30"")","ISODate(""2018-11-12T15:04:57.723+05:30"")",false,"Tiny Tots","Gujarat"
,"ObjectId(""5bdc13ea3b45d25c65324ae6"")","8013","Aloha Althan","ISODate(""2018-11-12T15:05:22.035+05:30"")","ISODate(""2018-11-12T15:05:22.035+05:30"")",false,"English Smart","Gujarat"
,"ObjectId(""5bdc13ea3b45d25c65324ae7"")","8014","Aloha Ankleshwar - Chauta Polica Chowki","ISODate(""2018-11-09T14:16:14.898+05:30"")","ISODate(""2018-11-15T11:11:48.152+05:30"")",false,"Mental Arithmetic","Gujarat"
,"ObjectId(""5bdc13ea3b45d25c65324ae8"")","8014","Aloha Ankleshwar - Chauta Polica Chowki","ISODate(""2018-11-09T14:16:46.333+05:30"")","ISODate(""2018-11-15T11:12:45.900+05:30"")",false,"Tiny Tots","Gujarat"
,"ObjectId(""5bdc13ea3b45d25c65324ae9"")","8014","Aloha Ankleshwar - Chauta Polica Chowki","ISODate(""2018-11-09T14:17:20.882+05:30"")","ISODate(""2018-11-15T11:14:12.813+05:30"")",false,"English Smart","Gujarat"
,"ObjectId(""5bdc13ea3b45d25c65324aea"")","8015","Aloha Ghodasar","ISODate(""2018-11-12T15:08:15.710+05:30"")","ISODate(""2018-11-12T15:08:15.710+05:30"")",false,"Mental Arithmetic","Gujarat"
,"ObjectId(""5bdc13ea3b45d25c65324aeb"")","8015","Aloha Ghodasar","ISODate(""2018-11-12T15:08:40.661+05:30"")","ISODate(""2018-11-12T15:08:40.661+05:30"")",false,"Tiny Tots","Gujarat"
,"ObjectId(""5bdc13ea3b45d25c65324aec"")","8015","Aloha Ghodasar","ISODate(""2018-11-12T15:09:41.032+05:30"")","ISODate(""2018-11-12T15:09:41.032+05:30"")",false,"English Smart","Gujarat"
,"ObjectId(""5bdc13ea3b45d25c65324aed"")","8016","Aloha Citylight","ISODate(""2018-11-12T15:16:47.483+05:30"")","ISODate(""2018-11-12T15:16:47.483+05:30"")",false,"Mental Arithmetic","Gujarat"
,"ObjectId(""5bdc13ea3b45d25c65324aee"")","8016","Aloha Citylight","ISODate(""2018-11-12T15:17:16.112+05:30"")","ISODate(""2018-11-12T15:17:16.112+05:30"")",false,"Tiny Tots","Gujarat"
,"ObjectId(""5bdc13ea3b45d25c65324aef"")","8016","Aloha Citylight","ISODate(""2018-11-12T15:17:43.908+05:30"")","ISODate(""2018-11-12T15:17:43.908+05:30"")",false,"English Smart","Gujarat"
,"ObjectId(""5bdc13ea3b45d25c65324af0"")","8017","Aloha Somatalav","ISODate(""2018-11-12T15:18:32.352+05:30"")","ISODate(""2018-11-12T15:18:32.352+05:30"")",false,"Mental Arithmetic","Gujarat"
,"ObjectId(""5bdc13ea3b45d25c65324af1"")","8017","Aloha Somatalav","ISODate(""2018-11-12T15:18:57.036+05:30"")","ISODate(""2018-11-12T15:18:57.036+05:30"")",false,"Tiny Tots","Gujarat"
,"ObjectId(""5bdc13ea3b45d25c65324af2"")","8017","Aloha Somatalav","ISODate(""2018-11-12T15:19:29.567+05:30"")","ISODate(""2018-11-12T15:19:29.567+05:30"")",false,"English Smart","Gujarat"
,"ObjectId(""5bdc13ea3b45d25c65324af3"")","8018","Aloha Anand Center","ISODate(""2018-11-12T15:20:18.737+05:30"")","ISODate(""2018-11-15T12:26:19.042+05:30"")",false,"Mental Arithmetic","Gujarat"
,"ObjectId(""5bdc13ea3b45d25c65324af4"")","8018","Aloha Anand Center","ISODate(""2018-11-12T15:20:45.144+05:30"")","ISODate(""2018-11-15T12:27:03.837+05:30"")",false,"Tiny Tots","Gujarat"
,"ObjectId(""5bdc13ea3b45d25c65324af5"")","8018","Aloha Anand Center","ISODate(""2018-11-12T15:21:12.317+05:30"")","ISODate(""2018-11-15T12:27:38.313+05:30"")",false,"English Smart","Gujarat"
,"ObjectId(""5bdc13ea3b45d25c65324af6"")","8019","Aloha Dhrol Center","ISODate(""2018-11-12T15:22:12.347+05:30"")","ISODate(""2018-11-15T12:01:58.162+05:30"")",false,"Mental Arithmetic","Gujarat"
,"ObjectId(""5bdc13ea3b45d25c65324af7"")","8019","Aloha Dhrol Center","ISODate(""2018-11-12T15:22:41.824+05:30"")","ISODate(""2018-11-15T12:03:05.060+05:30"")",false,"Tiny Tots","Gujarat"
,"ObjectId(""5bdc13ea3b45d25c65324af8"")","8019","Aloha Dhrol Center","ISODate(""2018-11-12T15:23:13.848+05:30"")","ISODate(""2018-11-15T12:03:37.572+05:30"")",false,"English Smart","Gujarat"
,"ObjectId(""5bdc13ea3b45d25c65324af9"")","8020","Aloha Lunavada","ISODate(""2018-11-12T15:24:23.388+05:30"")","ISODate(""2018-11-15T12:29:16.151+05:30"")",false,"Mental Arithmetic","Gujarat"
,"ObjectId(""5bdc13ea3b45d25c65324afa"")","8020","Aloha Lunavada","ISODate(""2018-11-12T15:24:47.910+05:30"")","ISODate(""2018-11-15T12:29:49.410+05:30"")",false,"Tiny Tots","Gujarat"
,"ObjectId(""5bdc13ea3b45d25c65324afb"")","8020","Aloha Lunavada","ISODate(""2018-11-12T15:25:13.416+05:30"")","ISODate(""2018-11-15T12:30:27.971+05:30"")",false,"English Smart","Gujarat"
,"ObjectId(""5bdc13ea3b45d25c65324afc"")","8021","Aloha Kudasan","ISODate(""2018-11-12T15:26:08.579+05:30"")","ISODate(""2018-11-12T15:26:08.579+05:30"")",false,"Mental Arithmetic","Gujarat"
,"ObjectId(""5bdc13ea3b45d25c65324afd"")","8021","Aloha Kudasan","ISODate(""2018-11-12T15:26:44.266+05:30"")","ISODate(""2018-11-12T15:26:44.266+05:30"")",false,"Tiny Tots","Gujarat"
,"ObjectId(""5bdc13ea3b45d25c65324afe"")","8021","Aloha Kudasan","ISODate(""2018-11-12T15:27:56.863+05:30"")","ISODate(""2018-11-12T15:27:56.863+05:30"")",false,"English Smart","Gujarat"
,"ObjectId(""5bdc13ea3b45d25c65324aff"")","8022","Aloha Drive In Road","ISODate(""2018-11-09T13:42:14.824+05:30"")","ISODate(""2018-11-15T11:41:49.779+05:30"")",false,"Mental Arithmetic","Gujarat"
,"ObjectId(""5bdc13ea3b45d25c65324b00"")","8022","Aloha Drive In Road","ISODate(""2018-11-09T13:42:40.729+05:30"")","ISODate(""2018-11-15T11:42:30.153+05:30"")",false,"Tiny Tots","Gujarat"
,"ObjectId(""5bdc13ea3b45d25c65324b01"")","8022","Aloha Drive In Road","ISODate(""2018-11-09T13:43:05.853+05:30"")","ISODate(""2018-11-15T11:43:43.604+05:30"")",false,"English Smart","Gujarat"
,"ObjectId(""5bdc13ea3b45d25c65324b02"")","8023","Aloha Nakhatrana Center","ISODate(""2018-11-12T15:33:30.398+05:30"")","ISODate(""2018-11-15T12:05:16.270+05:30"")",false,"Mental Arithmetic","Gujarat"
,"ObjectId(""5bdc13ea3b45d25c65324b03"")","8023","Aloha Nakhatrana Center","ISODate(""2018-11-12T15:34:07.147+05:30"")","ISODate(""2018-11-15T12:05:43.468+05:30"")",false,"Tiny Tots","Gujarat"
,"ObjectId(""5bdc13ea3b45d25c65324b04"")","8023","Aloha Nakhatrana Center","ISODate(""2018-11-12T15:35:05.571+05:30"")","ISODate(""2018-11-15T12:06:14.046+05:30"")",false,"English Smart","Gujarat"
,"ObjectId(""5bdc13ea3b45d25c65324b05"")","8024","Aloha Vejalpur","ISODate(""2018-11-12T15:36:10.585+05:30"")","ISODate(""2018-11-12T15:36:10.585+05:30"")",false,"Mental Arithmetic","Gujarat"
,"ObjectId(""5bdc13ea3b45d25c65324b06"")","8024","Aloha Vejalpur","ISODate(""2018-11-12T15:36:31.386+05:30"")","ISODate(""2018-11-12T15:36:31.386+05:30"")",false,"Tiny Tots","Gujarat"
,"ObjectId(""5bdc13ea3b45d25c65324b07"")","8024","Aloha Vejalpur","ISODate(""2018-11-12T15:36:52.863+05:30"")","ISODate(""2018-11-12T15:36:52.863+05:30"")",false,"English Smart","Gujarat"
,"ObjectId(""5bdc13ea3b45d25c65324b08"")","8025","Aloha Gandhidham Center","ISODate(""2018-11-09T14:23:11.209+05:30"")","ISODate(""2018-11-15T12:15:21.056+05:30"")",false,"Mental Arithmetic","Gujarat"
,"ObjectId(""5bdc13ea3b45d25c65324b09"")","8025","Aloha Gandhidham Center","ISODate(""2018-11-09T14:23:50.894+05:30"")","ISODate(""2018-11-15T12:15:46.578+05:30"")",false,"Tiny Tots","Gujarat"
,"ObjectId(""5bdc13ea3b45d25c65324b0a"")","8025","Aloha Gandhidham Center","ISODate(""2018-11-09T14:24:18.049+05:30"")","ISODate(""2018-11-15T12:16:18.065+05:30"")",false,"English Smart","Gujarat"
,"ObjectId(""5bdc13ea3b45d25c65324b0b"")","8026","Aloha Hospital Road Center - Bhuj","ISODate(""2018-11-12T15:39:20.797+05:30"")","ISODate(""2018-11-15T11:21:24.655+05:30"")",false,"Mental Arithmetic","Gujarat"
,"ObjectId(""5bdc13ea3b45d25c65324b0c"")","8026","Aloha Hospital Road Center - Bhuj","ISODate(""2018-11-12T15:39:46.838+05:30"")","ISODate(""2018-11-15T11:20:56.414+05:30"")",false,"Tiny Tots","Gujarat"
,"ObjectId(""5bdc13ea3b45d25c65324b0d"")","8026","Aloha Hospital Road Center - Bhuj","ISODate(""2018-11-12T15:40:12.497+05:30"")","ISODate(""2018-11-15T11:21:59.868+05:30"")",false,"English Smart","Gujarat"
,"ObjectId(""5bdc13ea3b45d25c65324b0e"")","8027","Aloha Ambawadi","ISODate(""2018-11-09T13:35:20.017+05:30"")","ISODate(""2018-11-14T09:59:30.543+05:30"")",false,"Mental Arithmetic","Gujarat"
,"ObjectId(""5bdc13ea3b45d25c65324b0f"")","8027","Aloha Ambawadi","ISODate(""2018-11-09T13:37:03.433+05:30"")","ISODate(""2018-11-14T10:00:00.008+05:30"")",false,"Tiny Tots","Gujarat"
,"ObjectId(""5bdc13ea3b45d25c65324b10"")","8027","Aloha Ambawadi","ISODate(""2018-11-09T13:34:28.956+05:30"")","ISODate(""2018-11-14T09:58:59.171+05:30"")",false,"English Smart","Gujarat"
,"ObjectId(""5bdc13ea3b45d25c65324b11"")","8028","Aloha Vasana Road","ISODate(""2018-11-12T15:42:14.824+05:30"")","ISODate(""2018-11-12T15:42:14.824+05:30"")",false,"Mental Arithmetic","Gujarat"
,"ObjectId(""5bdc13ea3b45d25c65324b12"")","8028","Aloha Vasana Road","ISODate(""2018-11-12T15:42:35.908+05:30"")","ISODate(""2018-11-12T15:42:35.908+05:30"")",false,"Tiny Tots","Gujarat"
,"ObjectId(""5bdc13ea3b45d25c65324b13"")","8028","Aloha Vasana Road","ISODate(""2018-11-12T15:42:58.810+05:30"")","ISODate(""2018-11-12T15:42:58.810+05:30"")",false,"English Smart","Gujarat"
,"ObjectId(""5bdc13ea3b45d25c65324b14"")","8029","Aloha Mavdi Road","ISODate(""2018-11-12T15:47:55.920+05:30"")","ISODate(""2018-11-15T12:07:42.343+05:30"")",false,"Mental Arithmetic","Gujarat"
,"ObjectId(""5bdc13ea3b45d25c65324b15"")","8029","Aloha Mavdi Road","ISODate(""2018-11-12T15:48:39.109+05:30"")","ISODate(""2018-11-15T12:08:12.643+05:30"")",false,"Tiny Tots","Gujarat"
,"ObjectId(""5bdc13ea3b45d25c65324b16"")","8029","Aloha Mavdi Road","ISODate(""2018-11-12T15:49:13.867+05:30"")","ISODate(""2018-11-15T12:08:41.644+05:30"")",false,"English Smart","Gujarat"
,"ObjectId(""5bdc13ea3b45d25c65324b17"")","8030","Aloha Khodiyar Colony","ISODate(""2018-11-12T15:50:00.027+05:30"")","ISODate(""2018-11-12T15:50:00.027+05:30"")",false,"Mental Arithmetic","Gujarat"
,"ObjectId(""5bdc13ea3b45d25c65324b18"")","8030","Aloha Khodiyar Colony","ISODate(""2018-11-12T16:00:17.969+05:30"")","ISODate(""2018-11-12T16:00:17.969+05:30"")",false,"Tiny Tots","Gujarat"
,"ObjectId(""5bdc13ea3b45d25c65324b19"")","8030","Aloha Khodiyar Colony","ISODate(""2018-11-12T16:01:01.254+05:30"")","ISODate(""2018-11-12T16:01:01.254+05:30"")",false,"English Smart","Gujarat"
,"ObjectId(""5bdc13ea3b45d25c65324b1a"")","8031","Aloha Sindhu Bhavan","ISODate(""2018-11-12T16:02:22.231+05:30"")","ISODate(""2018-11-12T16:02:22.231+05:30"")",false,"Mental Arithmetic","Gujarat"
,"ObjectId(""5bdc13ea3b45d25c65324b1b"")","8031","Aloha Sindhu Bhavan","ISODate(""2018-11-12T16:02:50.525+05:30"")","ISODate(""2018-11-12T16:02:50.525+05:30"")",false,"Tiny Tots","Gujarat"
,"ObjectId(""5bdc13ea3b45d25c65324b1c"")","8031","Aloha Sindhu Bhavan","ISODate(""2018-11-12T16:03:19.600+05:30"")","ISODate(""2018-11-12T16:03:19.600+05:30"")",false,"English Smart","Gujarat"
,"ObjectId(""5bdc13ea3b45d25c65324b1d"")","8032","Aloha New Gota","ISODate(""2018-11-12T16:04:30.466+05:30"")","ISODate(""2018-11-12T16:04:30.466+05:30"")",false,"Mental Arithmetic","Gujarat"
,"ObjectId(""5bdc13ea3b45d25c65324b1e"")","8032","Aloha New Gota","ISODate(""2018-11-12T16:05:04.107+05:30"")","ISODate(""2018-11-12T16:05:04.107+05:30"")",false,"Tiny Tots","Gujarat"
,"ObjectId(""5bdc13ea3b45d25c65324b1f"")","8032","Aloha New Gota","ISODate(""2018-11-12T16:05:34.567+05:30"")","ISODate(""2018-11-12T16:05:34.567+05:30"")",false,"English Smart","Gujarat"
,"ObjectId(""5bdc13ea3b45d25c65324b20"")","8033","Aloha Bhatar","ISODate(""2018-11-12T16:07:14.643+05:30"")","ISODate(""2018-11-12T16:07:14.643+05:30"")",false,"Mental Arithmetic","Gujarat"
,"ObjectId(""5bdc13ea3b45d25c65324b21"")","8033","Aloha Bhatar","ISODate(""2018-11-12T16:07:43.659+05:30"")","ISODate(""2018-11-12T16:07:43.659+05:30"")",false,"Tiny Tots","Gujarat"
,"ObjectId(""5bdc13ea3b45d25c65324b22"")","8033","Aloha Bhatar","ISODate(""2018-11-12T16:08:13.037+05:30"")","ISODate(""2018-11-12T16:08:13.037+05:30"")",false,"English Smart","Gujarat"
,"ObjectId(""5bdc13ea3b45d25c65324b23"")","8034","Aloha Desai Nagar","ISODate(""2018-11-12T16:09:02.109+05:30"")","ISODate(""2018-11-12T16:09:02.109+05:30"")",false,"Mental Arithmetic","Gujarat"
,"ObjectId(""5bdc13ea3b45d25c65324b24"")","8034","Aloha Desai Nagar","ISODate(""2018-11-12T16:09:32.443+05:30"")","ISODate(""2018-11-12T16:09:32.443+05:30"")",false,"Tiny Tots","Gujarat"
,"ObjectId(""5bdc13ea3b45d25c65324b25"")","8034","Aloha Desai Nagar","ISODate(""2018-11-12T16:09:57.117+05:30"")","ISODate(""2018-11-12T16:09:57.117+05:30"")",false,"English Smart","Gujarat"
,"ObjectId(""5bdc13ea3b45d25c65324b26"")","8035","Aloha Pal","ISODate(""2018-11-12T16:10:37.129+05:30"")","ISODate(""2018-11-12T16:10:37.129+05:30"")",false,"Mental Arithmetic","Gujarat"
,"ObjectId(""5bdc13ea3b45d25c65324b27"")","8035","Aloha Pal","ISODate(""2018-11-12T16:11:02.601+05:30"")","ISODate(""2018-11-12T16:11:02.601+05:30"")",false,"Tiny Tots","Gujarat"
,"ObjectId(""5bdc13ea3b45d25c65324b28"")","8035","Aloha Pal","ISODate(""2018-11-12T16:11:31.121+05:30"")","ISODate(""2018-11-12T16:11:31.121+05:30"")",false,"English Smart","Gujarat"
,"ObjectId(""5bdc13ea3b45d25c65324b29"")","8036","Aloha Amreli Center","ISODate(""2018-11-12T16:12:12.783+05:30"")","ISODate(""2018-11-15T12:24:01.586+05:30"")",false,"Mental Arithmetic","Gujarat"
,"ObjectId(""5bdc13ea3b45d25c65324b2a"")","8036","Aloha Amreli Center","ISODate(""2018-11-12T16:12:40.293+05:30"")","ISODate(""2018-11-15T12:24:30.955+05:30"")",false,"Tiny Tots","Gujarat"
,"ObjectId(""5bdc13ea3b45d25c65324b2b"")","8036","Aloha Amreli Center","ISODate(""2018-11-12T16:13:04.094+05:30"")","ISODate(""2018-11-15T12:25:01.340+05:30"")",false,"English Smart","Gujarat"
,"ObjectId(""5bdc13ea3b45d25c65324b2c"")","8037","Aloha Simada Jakatnaka","ISODate(""2018-11-12T16:14:28.794+05:30"")","ISODate(""2018-11-12T16:14:28.794+05:30"")",false,"Mental Arithmetic","Gujarat"
,"ObjectId(""5bdc13ea3b45d25c65324b2d"")","8037","Aloha Simada Jakatnaka","ISODate(""2018-11-12T16:14:57.861+05:30"")","ISODate(""2018-11-12T16:14:57.861+05:30"")",false,"Tiny Tots","Gujarat"
,"ObjectId(""5bdc13ea3b45d25c65324b2e"")","8037","Aloha Simada Jakatnaka","ISODate(""2018-11-12T16:15:21.378+05:30"")","ISODate(""2018-11-12T16:15:21.378+05:30"")",false,"English Smart","Gujarat"
,"ObjectId(""5bdc13ea3b45d25c65324b2f"")","8038","Aloha Bopal","ISODate(""2018-11-12T14:10:50.363+05:30"")","ISODate(""2018-11-12T14:10:50.363+05:30"")",false,"Mental Arithmetic","Gujarat"
,"ObjectId(""5bdc13ea3b45d25c65324b30"")","8038","Aloha Bopal","ISODate(""2018-11-07T16:51:31.141+05:30"")","ISODate(""2018-11-12T14:09:25.357+05:30"")",false,"Tiny Tots","Gujarat"
,"ObjectId(""5bc8f2e679f6fe91780f1637"")","1937","Aloha Mahapura",,,true,"Mental Arithmetic","Rajasthan"
,"ObjectId(""5bc8f2e679f6fe91780f1638"")","6501","Aloha Senapati",,,,"Mental Arithmetic","Manipur"
,"ObjectId(""5bc8f2e679f6fe91780f1639"")","1042","Aloha Tambaram",,,true,"Tiny Tots","Tamil Nadu"
,"ObjectId(""5bc8f2e679f6fe91780f163a"")","1004","Aloha Adyar",,,true,"Tiny Tots","Tamil Nadu"
,"ObjectId(""5bc8f2e679f6fe91780f163b"")","1088c","Aloha Palavakkam",,,true,"Tiny Tots","Tamil Nadu"
,"ObjectId(""5bc8f2e679f6fe91780f163c"")","1015A","Aloha Ayanavaram",,,true,"Tiny Tots","Tamil Nadu"
,"ObjectId(""5bc8f2e679f6fe91780f163d"")","1021","Aloha Jawahar Nagar",,,true,"Tiny Tots","Tamil Nadu"
,"ObjectId(""5bc8f2e679f6fe91780f163e"")","1094","Aloha Melur Road - Srirangam","ISODate(""2018-11-07T17:13:08.713+05:30"")","ISODate(""2018-11-07T17:13:08.713+05:30"")",true,"Tiny Tots","Tamil Nadu"
,"ObjectId(""5bc8f2e679f6fe91780f163f"")","1098","Aloha Sirkali",,,true,"Tiny Tots","Tamil Nadu"
,"ObjectId(""5bc8f2e679f6fe91780f1640"")","1006","Aloha Perungudi",,,true,"Tiny Tots","Tamil Nadu"
,"ObjectId(""5bc8f2e679f6fe91780f1641"")","1005","Aloha Puraisaiwakkam",,,true,"Tiny Tots","Tamil Nadu"
,"ObjectId(""5bc8f2e679f6fe91780f1642"")","1007","Aloha Mylapore",,,true,"Tiny Tots","Tamil Nadu"
,"ObjectId(""5bc8f2e679f6fe91780f1643"")","2202","Aloha Janakpuri",,,true,"Tiny Tots","Delhi"
,"ObjectId(""5bc8f2e679f6fe91780f1644"")","7501","Aloha City Centre",,,true,"Tiny Tots","Madhya Pradesh"
,"ObjectId(""5bc8f2e679f6fe91780f1645"")","7502","Aloha Arera Colony",,,true,"Tiny Tots","Madhya Pradesh"
,"ObjectId(""5bc8f2e679f6fe91780f1646"")","5508","Aloha Ganeshguri",,,,"Tiny Tots","Assam"
,"ObjectId(""5bc8f2e679f6fe91780f1648"")","5546","Aloha Bareh",,,,"Tiny Tots","Meghalaya"
,"ObjectId(""5bc8f2e679f6fe91780f1649"")","1937","Aloha Mahapura",,,true,"Tiny Tots","Rajasthan"
,"ObjectId(""5bc8f2e679f6fe91780f164a"")","1402","Aloha Vallalar Salai",,,true,"Tiny Tots","Pondicherry"
,"ObjectId(""5bc8f2e679f6fe91780f164b"")","1083","Aloha Perundurai",,,true,"Speed Maths","Tamil Nadu"
,"ObjectId(""5bc8f2e679f6fe91780f164c"")","1907A","Aloha Saxena Gali",,,,"English Smart","Rajasthan"
,"ObjectId(""5bc8f2e679f6fe91780f164d"")","1357","Aloha RPD Cross","ISODate(""2018-11-04T11:14:10.271+05:30"")","ISODate(""2018-11-04T11:14:10.271+05:30"")",,"Mental Arithmetic","Karnataka"
,"ObjectId(""5bc8f2e679f6fe91780f1579"")","9001","Aloha Berhampur",,,,"Mental Arithmetic","West Bengal"
,"ObjectId(""5bc8f2e679f6fe91780f157a"")","9013","Aloha Sepco Township",,,,"Mental Arithmetic","West Bengal"
,"ObjectId(""5bc8f2e679f6fe91780f157b"")","9061","Aloha Balurghat",,,,"Mental Arithmetic","West Bengal"
,"ObjectId(""5bc8f2e679f6fe91780f157c"")","9046","Aloha Konnagar",,,,"Mental Arithmetic","West Bengal"
,"ObjectId(""5bdc13ea3b45d25c65324b85"")","8066","Aloha Sabarmati","ISODate(""2018-11-09T14:13:56.183+05:30"")","ISODate(""2018-11-12T16:36:59.778+05:30"")",false,"English Smart","Gujarat"
,"ObjectId(""5bdc13ea3b45d25c65324b86"")","8067","Aloha Bharuch Dahej Road","ISODate(""2018-11-12T16:58:08.163+05:30"")","ISODate(""2018-11-12T16:58:08.163+05:30"")",false,"Mental Arithmetic","Gujarat"
,"ObjectId(""5bdc13ea3b45d25c65324b87"")","8067","Aloha Bharuch Dahej Road","ISODate(""2018-11-12T16:57:51.118+05:30"")","ISODate(""2018-11-12T16:57:51.118+05:30"")",false,"Tiny Tots","Gujarat"
,"ObjectId(""5bc8f2e679f6fe91780f1660"")","1006","Aloha Perungudi",,,true,"State Mental Arithmetic","Tamil Nadu"
,"ObjectId(""5bc8f2e679f6fe91780f1661"")","1005","Aloha Puraisaiwakkam",,,true,"State Mental Arithmetic","Tamil Nadu"
,"ObjectId(""5bc8f2e679f6fe91780f1662"")","1007","Aloha Mylapore",,,true,"State Mental Arithmetic","Tamil Nadu"
,"ObjectId(""5bc8f2e679f6fe91780f1663"")","1042","Aloha Tambaram",,,true,"State Tiny Tots","Tamil Nadu"
,"ObjectId(""5bc8f2e679f6fe91780f1664"")","1004","Aloha Adyar",,,true,"State Tiny Tots","Tamil Nadu"
,"ObjectId(""5bc8f2e679f6fe91780f1665"")","1088c","Aloha Palavakkam",,,true,"State Tiny Tots","Tamil Nadu"
,"ObjectId(""5bc8f2e679f6fe91780f1666"")","1015A","Aloha Ayanavaram",,,true,"State Tiny Tots","Tamil Nadu"
,"ObjectId(""5bc8f2e679f6fe91780f1667"")","1021","Aloha Jawahar Nagar",,,true,"State Tiny Tots","Tamil Nadu"
,"ObjectId(""5bc8f2e679f6fe91780f1668"")","1094","Aloha Melur Road - Srirangam","ISODate(""2018-11-07T17:16:00.372+05:30"")","ISODate(""2018-11-07T17:16:00.372+05:30"")",true,"State Tiny Tots","Tamil Nadu"
,"ObjectId(""5bc8f2e679f6fe91780f1669"")","1098","Aloha Sirkali",,,true,"State Tiny Tots","Tamil Nadu"
,"ObjectId(""5bc8f2e679f6fe91780f166a"")","1006","Aloha Perungudi",,,true,"State Tiny Tots","Tamil Nadu"
,"ObjectId(""5bc8f2e679f6fe91780f166b"")","1005","Aloha Puraisaiwakkam",,,true,"State Tiny Tots","Tamil Nadu"
,"ObjectId(""5bc8f2e679f6fe91780f15cf"")","5505A","Aloha Bharulumukh",,,,"Tiny Tots","Assam"
,"ObjectId(""5bc8f2e679f6fe91780f15d0"")","5557","Aloha Noonmati",,,,"Tiny Tots","Assam"
,"ObjectId(""5bc8f2e679f6fe91780f15d1"")","5504A","Aloha Rangapara",,,,"Tiny Tots","Assam"
,"ObjectId(""5bc8f2e679f6fe91780f15d2"")","5501A","Aloha Six Mile",,,,"Tiny Tots","Assam"
,"ObjectId(""5bc8f2e679f6fe91780f15d3"")","5503A","Aloha Amolapatty Nagaon",,,,"Tiny Tots","Assam"
,"ObjectId(""5bc8f2e679f6fe91780f15d4"")","5553","Aloha Tarajan",,,,"Tiny Tots","Assam"
,"ObjectId(""5bc8f2e679f6fe91780f15d5"")","5506A","Aloha Hatigaon",,,,"Tiny Tots","Assam"
,"ObjectId(""5bc8f2e679f6fe91780f15d6"")","3100","Aloha Aribagh",,,,"Mental Arithmetic","Jammu And Kashmir"
,"ObjectId(""5bc8f2e679f6fe91780f15d7"")","3026","Aloha Awantipora",,,,"Mental Arithmetic","Jammu And Kashmir"
,"ObjectId(""5bc8f2e679f6fe91780f15d8"")","3015","Aloha Baghat",,,,"Mental Arithmetic","Jammu And Kashmir"
,"ObjectId(""5bc8f2e679f6fe91780f15d9"")","3096","Aloha Bandipora",,,,"Mental Arithmetic","Jammu And Kashmir"
,"ObjectId(""5bc8f2e679f6fe91780f15da"")","3029","Aloha Barmulla",,,,"Mental Arithmetic","Jammu And Kashmir"
,"ObjectId(""5bc8f2e679f6fe91780f15db"")","3008","Aloha Bemina",,,,"Mental Arithmetic","Jammu And Kashmir"
,"ObjectId(""5bc8f2e679f6fe91780f15dc"")","3102","Aloha Budgam",,,,"Mental Arithmetic","Jammu And Kashmir"
,"ObjectId(""5bc8f2e679f6fe91780f15dd"")","3003","Aloha Chanapora",,,,"Mental Arithmetic","Jammu And Kashmir"
,"ObjectId(""5bc8f2e679f6fe91780f15de"")","3044","Aloha Chakhan Sopore",,,,"Mental Arithmetic","Jammu And Kashmir"
,"ObjectId(""5bc8f2e679f6fe91780f15df"")","3018","Aloha Sopore",,,,"Mental Arithmetic","Jammu And Kashmir"
,"ObjectId(""5bc8f2e679f6fe91780f15e0"")","3028","Aloha Everonn",,,,"Mental Arithmetic","Jammu And Kashmir"
,"ObjectId(""5bc8f2e679f6fe91780f15e1"")","3062","Aloha HMT",,,,"Mental Arithmetic","Jammu And Kashmir"
,"ObjectId(""5bc8f2e679f6fe91780f15e2"")","3047","Aloha K.P.Road",,,,"Mental Arithmetic","Jammu And Kashmir"
,"ObjectId(""5bc8f2e679f6fe91780f15e3"")","3001","Aloha Karan Nagar",,,,"Mental Arithmetic","Jammu And Kashmir"
,"ObjectId(""5bc8f2e679f6fe91780f15e4"")","3001-Ext","Aloha Khanyar",,,,"Mental Arithmetic","Jammu And Kashmir"
,"ObjectId(""5bc8f2e679f6fe91780f15e5"")","3105","Aloha Kralpora",,,,"Mental Arithmetic","Jammu And Kashmir"
,"ObjectId(""5bc8f2e679f6fe91780f15e6"")","3064","Aloha Kulgam",,,,"Mental Arithmetic","Jammu And Kashmir"
,"ObjectId(""5bc8f2e679f6fe91780f15e7"")","3027","Aloha Kupwara",,,,"Mental Arithmetic","Jammu And Kashmir"
,"ObjectId(""5bc8f2e679f6fe91780f15e8"")","3014","Aloha Lal Bazar",,,,"Mental Arithmetic","Jammu And Kashmir"
,"ObjectId(""5bc8f2e679f6fe91780f15e9"")","3103","Aloha Manzgam",,,,"Mental Arithmetic","Jammu And Kashmir"
,"ObjectId(""5bc8f2e679f6fe91780f15ea"")","3016","Aloha Nishat",,,,"Mental Arithmetic","Jammu And Kashmir"
,"ObjectId(""5bc8f2e679f6fe91780f15eb"")","3104","Aloha Wavoora Lolab",,,,"Mental Arithmetic","Jammu And Kashmir"
,"ObjectId(""5bc8f2e679f6fe91780f15ec"")","3023","Aloha Pulwama",,,,"Mental Arithmetic","Jammu And Kashmir"
,"ObjectId(""5bc8f2e679f6fe91780f15ed"")","3106","Aloha Qalam Abad",,,,"Mental Arithmetic","Jammu And Kashmir"
,"ObjectId(""5bc8f2e679f6fe91780f15ee"")","3084","Aloha Qazigund Ang",,,,"Mental Arithmetic","Jammu And Kashmir"
,"ObjectId(""5bc8f2e679f6fe91780f15ef"")","3033","Aloha Rafiabad",,,,"Mental Arithmetic","Jammu And Kashmir"
,"ObjectId(""5bc8f2e679f6fe91780f15f0"")","3054","Aloha Raj Bagh",,,,"Mental Arithmetic","Jammu And Kashmir"
,"ObjectId(""5bc8f2e679f6fe91780f15f1"")","3093","Aloha Sonwar",,,,"Mental Arithmetic","Jammu And Kashmir"
,"ObjectId(""5bc8f2e679f6fe91780f15f2"")","3012","Aloha Soura",,,,"Mental Arithmetic","Jammu And Kashmir"
,"ObjectId(""5bc8f2e679f6fe91780f15f3"")","3110","Aloha Sumbal",,,,"Mental Arithmetic","Jammu And Kashmir"
,"ObjectId(""5bc8f2e679f6fe91780f15f4"")","3101","Aloha Tragpora",,,,"Mental Arithmetic","Jammu And Kashmir"
,"ObjectId(""5bc8f2e679f6fe91780f15f5"")","3066","Aloha Yaripora",,,,"Mental Arithmetic","Jammu And Kashmir"
,"ObjectId(""5bc8f2e679f6fe91780f15f6"")","3109","Aloha humhama",,,,"Mental Arithmetic","Jammu And Kashmir"
,"ObjectId(""5bc8f2e679f6fe91780f15f7"")","3017","Aloha Magam",,,,"Mental Arithmetic","Jammu And Kashmir"
,"ObjectId(""5bc8f2e679f6fe91780f15b5"")","6702","Aloha Math Chaumuhani",,,,"Tiny Tots","Tripura"
,"ObjectId(""5bc8f2e679f6fe91780f15b6"")","6703","Aloha Paradise Chaumuhani",,,,"Tiny Tots","Tripura"
,"ObjectId(""5bc8f2e679f6fe91780f15b8"")","1309A","Aloha Basaveshwar Nagar",,,,"Tiny Tots","Karnataka"
,"ObjectId(""5bc8f2e679f6fe91780f15b9"")","1311","Aloha Rajaji Nagar",,,,"Tiny Tots","Karnataka"
,"ObjectId(""5bc8f2e679f6fe91780f15ba"")","1322","Aloha HSR Layout",,,,"Tiny Tots","Karnataka"
,"ObjectId(""5bc8f2e679f6fe91780f15bb"")","1323","Aloha Kumara Park West","ISODate(""2018-11-04T11:25:23.452+05:30"")","ISODate(""2018-11-04T11:25:23.452+05:30"")",,"Tiny Tots","Karnataka"
,"ObjectId(""5bc8f2e679f6fe91780f15bc"")","1326A","Aloha Rajarajeshwari Nagar",,,,"Tiny Tots","Karnataka"
,"ObjectId(""5bc8f2e679f6fe91780f15bd"")","1356","MALMARUTHI Belgaum","ISODate(""2018-11-04T10:47:40.118+05:30"")","ISODate(""2018-11-04T11:12:29.797+05:30"")",,"Tiny Tots","Karnataka"
,"ObjectId(""5bc8f2e679f6fe91780f15be"")","1364A","Aloha Jalahalli West","ISODate(""2018-10-31T18:17:58.319+05:30"")","ISODate(""2018-10-31T18:26:34.092+05:30"")",,"Tiny Tots","Karnataka"
,"ObjectId(""5bc8f2e679f6fe91780f15bf"")","1367","Aloha Hebbal",,,,"Tiny Tots","Karnataka"
,"ObjectId(""5bc8f2e679f6fe91780f15c0"")","1318","Aloha Kanakpura Road",,,,"Tiny Tots","Karnataka"
,"ObjectId(""5bc8f2e679f6fe91780f15c1"")","5511","Aloha New Colony",,,,"Tiny Tots","Assam"
,"ObjectId(""5bc8f2e679f6fe91780f15c2"")","5508","Aloha Ganeshguri",,,,"Tiny Tots","Assam"
,"ObjectId(""5bc8f2e679f6fe91780f15c3"")","2004","Aloha Nasik City",,,,"Tiny Tots","Maharashtra"
,"ObjectId(""5bc8f2e679f6fe91780f15c4"")","2011A","Aloha Kondhwa",,,,"Tiny Tots","Maharashtra"
,"ObjectId(""5bc8f2e679f6fe91780f15c5"")","2038","Aloha Shivaji Road",,,,"Tiny Tots","Maharashtra"
,"ObjectId(""5bc8f2e679f6fe91780f15c6"")","2056","Aloha Navshya Ganpati",,,,"Tiny Tots","Maharashtra"
,"ObjectId(""5bc8f2e679f6fe91780f15c7"")","2071","Aloha Ajmera",,,,"Tiny Tots","Maharashtra"
,"ObjectId(""5bc8f2e679f6fe91780f15c8"")","2075","Aloha Baner",,,,"Tiny Tots","Maharashtra"
,"ObjectId(""5bc8f2e679f6fe91780f15c9"")","2077","Aloha Devlali Camp",,,,"Tiny Tots","Maharashtra"
,"ObjectId(""5bc8f2e679f6fe91780f15ca"")","2072","Aloha Jail Road",,,,"Tiny Tots","Maharashtra"
,"ObjectId(""5bc8f2e679f6fe91780f15cb"")","9001","Aloha Berhampur",,,,"English Smart","West Bengal"
,"ObjectId(""5bc8f2e679f6fe91780f15cc"")","5555","Aloha Beltola Tinali",,,,"Tiny Tots","Assam"
,"ObjectId(""5bc8f2e679f6fe91780f15cd"")","5550","Aloha Dhubri",,,,"Tiny Tots","Assam"
,"ObjectId(""5bc8f2e679f6fe91780f15ce"")","5502A","Aloha Zoo Tinali",,,,"Tiny Tots","Assam"
,"ObjectId(""5bc8f2e679f6fe91780f166c"")","1007","Aloha Mylapore",,,true,"State Tiny Tots","Tamil Nadu"
,"ObjectId(""5bc8f2e679f6fe91780f166d"")","1083","Aloha Perundurai",,,true,"State Speed Maths","Tamil Nadu"
,"ObjectId(""5bc8f2e679f6fe91780f166e"")","1098","Aloha Sirkali",,,true,"State Tiny Tots","Tamil Nadu"
,"ObjectId(""5bc8f2e679f6fe91780f166f"")","1098","Aloha Sirkali",,,true,"State Mental Arithmetic","Tamil Nadu"
0,"ObjectId(""5bd9aad4192190eb65c10f67"")","6706A","Aloha Udaipur","ISODate(""2018-10-31T18:45:00.227+05:30"")","ISODate(""2018-10-31T18:45:00.234+05:30"")",,"Tiny Tots","Tripura"
,"ObjectId(""5bc8f2e679f6fe91780f160b"")","3033","Aloha Rafiabad",,,,"Tiny Tots","Jammu And Kashmir"
,"ObjectId(""5bc8f2e679f6fe91780f160c"")","3101","Aloha Tragpora",,,,"Tiny Tots","Jammu And Kashmir"
,"ObjectId(""5bc8f2e679f6fe91780f160d"")","3018","Aloha Sopore",,,,"Tiny Tots","Jammu And Kashmir"
,"ObjectId(""5bc8f2e679f6fe91780f160e"")","3096","Aloha Bandipora",,,,"Tiny Tots","Jammu And Kashmir"
,"ObjectId(""5bc8f2e679f6fe91780f160f"")","3027","Aloha Kupwara",,,,"Tiny Tots","Jammu And Kashmir"
,"ObjectId(""5bc8f2e679f6fe91780f1610"")","3104","Aloha Wavoora Lolab",,,,"Tiny Tots","Jammu And Kashmir"
,"ObjectId(""5bc8f2e679f6fe91780f1611"")","3105","Aloha Kralpora",,,,"Tiny Tots","Jammu And Kashmir"
,"ObjectId(""5bc8f2e679f6fe91780f1612"")","3106","Aloha Qalam Abad",,,,"Tiny Tots","Jammu And Kashmir"
,"ObjectId(""5bc8f2e679f6fe91780f1613"")","3102","Aloha Budgam",,,,"Tiny Tots","Jammu And Kashmir"
,"ObjectId(""5bc8f2e679f6fe91780f1614"")","3017","Aloha Magam",,,,"Tiny Tots","Jammu And Kashmir"
,"ObjectId(""5bc8f2e679f6fe91780f1615"")","3100","Aloha Aribagh",,,,"Tiny Tots","Jammu And Kashmir"
,"ObjectId(""5bc8f2e679f6fe91780f1616"")","3109","Aloha humhama",,,,"Tiny Tots","Jammu And Kashmir"
,"ObjectId(""5bc8f2e679f6fe91780f1617"")","3064","Aloha Kulgam",,,,"Speed Maths","Jammu And Kashmir"
,"ObjectId(""5bc8f2e679f6fe91780f1618"")","3001","Aloha Karan Nagar",,,,"Speed Maths","Jammu And Kashmir"
,"ObjectId(""5bc8f2e679f6fe91780f1619"")","1042","Aloha Tambaram",,,true,"Mental Arithmetic","Tamil Nadu"
,"ObjectId(""5bc8f2e679f6fe91780f161a"")","1004","Aloha Adyar",,,true,"Mental Arithmetic","Tamil Nadu"
,"ObjectId(""5bc8f2e679f6fe91780f161b"")","1088c","Aloha Palavakkam",,,true,"Mental Arithmetic","Tamil Nadu"
,"ObjectId(""5bc8f2e679f6fe91780f161c"")","1051A","Aloha Guduvanchery",,,true,"Mental Arithmetic","Tamil Nadu"
,"ObjectId(""5bc8f2e679f6fe91780f161d"")","1015A","Aloha Ayanavaram",,,true,"Mental Arithmetic","Tamil Nadu"
,"ObjectId(""5bc8f2e679f6fe91780f161e"")","1021","Aloha Jawahar Nagar",,,true,"Mental Arithmetic","Tamil Nadu"
,"ObjectId(""5bc8f2e679f6fe91780f161f"")","1052","Aloha Kanchipuram",,,true,"Mental Arithmetic","Tamil Nadu"
,"ObjectId(""5bc8f2e679f6fe91780f1620"")","1081","Aloha Amma Mandapam - Srirangam","ISODate(""2018-11-07T17:16:57.209+05:30"")","ISODate(""2018-11-07T17:16:57.209+05:30"")",true,"Mental Arithmetic","Tamil Nadu"
,"ObjectId(""5bc8f2e679f6fe91780f1621"")","1083","Aloha Agraharam",,,true,"Mental Arithmetic","Tamil Nadu"
,"ObjectId(""5bc8f2e679f6fe91780f1622"")","1090","Aloha Old Washermenpet",,,true,"Mental Arithmetic","Tamil Nadu"
,"ObjectId(""5bc8f2e679f6fe91780f1623"")","1094","Aloha Melur Road - Srirangam","ISODate(""2018-11-07T17:15:11.167+05:30"")","ISODate(""2018-11-07T17:15:11.167+05:30"")",true,"Mental Arithmetic","Tamil Nadu"
,"ObjectId(""5bc8f2e679f6fe91780f1624"")","1095","Aloha Dharmapuri",,,true,"Mental Arithmetic","Tamil Nadu"
,"ObjectId(""5bc8f2e679f6fe91780f1625"")","1096","Aloha Perungalathur",,,true,"Mental Arithmetic","Tamil Nadu"
,"ObjectId(""5bc8f2e679f6fe91780f1626"")","1098","Aloha Sirkali",,,true,"Mental Arithmetic","Tamil Nadu"
,"ObjectId(""5bc8f2e679f6fe91780f1627"")","1006","Aloha Perungudi",,,true,"Mental Arithmetic","Tamil Nadu"
,"ObjectId(""5bc8f2e679f6fe91780f1628"")","1005","Aloha Puraisaiwakkam",,,true,"Mental Arithmetic","Tamil Nadu"
,"ObjectId(""5bc8f2e679f6fe91780f1629"")","1007","Aloha Mylapore",,,true,"Mental Arithmetic","Tamil Nadu"
,"ObjectId(""5bc8f2e679f6fe91780f162a"")","1402","Aloha Vallalar Salai",,,true,"Mental Arithmetic","Pondicherry"
,"ObjectId(""5bc8f2e679f6fe91780f162b"")","7001","Aloha Cecullar Road",,,true,"Mental Arithmetic","Uttar Pradesh"
,"ObjectId(""5bc8f2e679f6fe91780f162c"")","2202","Aloha Janakpuri",,,true,"Mental Arithmetic","Delhi"
,"ObjectId(""5bc8f2e679f6fe91780f162d"")","7501","Aloha City Centre",,,true,"Mental Arithmetic","Madhya Pradesh"
,"ObjectId(""5bc8f2e679f6fe91780f162e"")","7502","Aloha Arera Colony",,,true,"Mental Arithmetic","Madhya Pradesh"
,"ObjectId(""5bc8f2e679f6fe91780f162f"")","1514A","Aloha Kandivli",,,true,"Mental Arithmetic","Mumbai"
,"ObjectId(""5bc8f2e679f6fe91780f1630"")","5555","Aloha Beltola Tinali",,,,"Mental Arithmetic","Assam"
,"ObjectId(""5bc8f2e679f6fe91780f1631"")","3101","Aloha Bhilai",,,,"Mental Arithmetic","Chattisgarh"
,"ObjectId(""5bc8f2e679f6fe91780f1632"")","5508","Aloha Ganeshguri",,,,"Mental Arithmetic","Assam"
,"ObjectId(""5bc8f2e679f6fe91780f1633"")","5511","Aloha  Chapaguri Bongaigaon","ISODate(""2018-11-05T09:28:15.999+05:30"")","ISODate(""2018-11-13T11:29:04.594+05:30"")",false,"Mental Arithmetic","Assam"
,"ObjectId(""5bc8f2e679f6fe91780f1634"")","5554","Aloha Jorhat",,,,"Mental Arithmetic","Assam"
,"ObjectId(""5bc8f2e679f6fe91780f1635"")","5546","Aloha Bareh",,,,"Mental Arithmetic","Meghalaya"
,"ObjectId(""5bc8f2e679f6fe91780f1636"")","5570","Aloha Simlaguri",,,,"Mental Arithmetic","Assam"
,"ObjectId(""5bc8f2e679f6fe91780f15f8"")","3114","Aloha Mir Bazar",,,,"Mental Arithmetic","Jammu And Kashmir"
,"ObjectId(""5bc8f2e679f6fe91780f15f9"")","3111","Aloha Pampore",,,,"Mental Arithmetic","Jammu And Kashmir"
,"ObjectId(""5bc8f2e679f6fe91780f15fa"")","3108","Aloha Batpora",,,,"Mental Arithmetic","Jammu And Kashmir"
,"ObjectId(""5bc8f2e679f6fe91780f15fb"")","3113","Aloha Chadoora",,,,"Mental Arithmetic","Jammu And Kashmir"
,"ObjectId(""5bc8f2e679f6fe91780f15fc"")","3107","Aloha Ganderbal",,,,"Mental Arithmetic","Jammu And Kashmir"
,"ObjectId(""5bc8f2e679f6fe91780f15fd"")","3112","Aloha Villgam",,,,"Mental Arithmetic","Jammu And Kashmir"
,"ObjectId(""5bc8f2e679f6fe91780f15fe"")","3047","Aloha K.P.Road",,,,"Tiny Tots","Jammu And Kashmir"
,"ObjectId(""5bc8f2e679f6fe91780f15ff"")","3112","Aloha Mir Bazar",,,,"Tiny Tots","Jammu And Kashmir"
,"ObjectId(""5bc8f2e679f6fe91780f1600"")","3064","Aloha Kulgam",,,,"Tiny Tots","Jammu And Kashmir"
,"ObjectId(""5bc8f2e679f6fe91780f1601"")","3066","Aloha Yaripora",,,,"Tiny Tots","Jammu And Kashmir"
,"ObjectId(""5bc8f2e679f6fe91780f1602"")","3023","Aloha Pulwama",,,,"Tiny Tots","Jammu And Kashmir"
,"ObjectId(""5bc8f2e679f6fe91780f1603"")","3111","Aloha Pampore",,,,"Tiny Tots","Jammu And Kashmir"
,"ObjectId(""5bc8f2e679f6fe91780f1604"")","3001","Aloha Karan Nagar",,,,"Tiny Tots","Jammu And Kashmir"
,"ObjectId(""5bc8f2e679f6fe91780f1605"")","3015","Aloha Baghat",,,,"Tiny Tots","Jammu And Kashmir"
,"ObjectId(""5bc8f2e679f6fe91780f1606"")","3003","Aloha Chanapora",,,,"Tiny Tots","Jammu And Kashmir"
,"ObjectId(""5bc8f2e679f6fe91780f1607"")","3093","Aloha Sonwar",,,,"Tiny Tots","Jammu And Kashmir"
,"ObjectId(""5bc8f2e679f6fe91780f1608"")","3012","Aloha Soura",,,,"Tiny Tots","Jammu And Kashmir"
,"ObjectId(""5bc8f2e679f6fe91780f1609"")","3014","Aloha Lal Bazar",,,,"Tiny Tots","Jammu And Kashmir"
,"ObjectId(""5bc8f2e679f6fe91780f160a"")","3029","Aloha Barmulla",,,,"Tiny Tots","Jammu And Kashmir"
0,"ObjectId(""5bd9ac68192190eb65c10f68"")","6709","Aloha Ambassa","ISODate(""2018-10-31T18:51:44.993+05:30"")","ISODate(""2018-10-31T18:51:44.995+05:30"")",,"Tiny Tots","Tripura"
0,"ObjectId(""5bd9acb7192190eb65c10f69"")","6711A","Aloha Teliamura","ISODate(""2018-10-31T18:53:03.180+05:30"")","ISODate(""2018-10-31T18:53:03.182+05:30"")",,"Mental Arithmetic","Tripura"
0,"ObjectId(""5bd9acf1192190eb65c10f6a"")","6711A","Aloha Teliamura","ISODate(""2018-10-31T18:54:01.369+05:30"")","ISODate(""2018-10-31T18:54:01.370+05:30"")",,"Tiny Tots","Tripura"
0,"ObjectId(""5bd9ad4c192190eb65c10f6b"")","6713A","Aloha Dharma Nagar","ISODate(""2018-10-31T18:55:32.105+05:30"")","ISODate(""2018-10-31T18:55:32.106+05:30"")",,"Mental Arithmetic","Tripura"
0,"ObjectId(""5bd9ad70192190eb65c10f6c"")","6713A","Aloha Dharma Nagar","ISODate(""2018-10-31T18:56:08.521+05:30"")","ISODate(""2018-10-31T18:56:08.522+05:30"")",,"Tiny Tots","Tripura"
0,"ObjectId(""5bd9adec192190eb65c10f6d"")","6718","Khyerpur","ISODate(""2018-10-31T18:58:12.826+05:30"")","ISODate(""2018-10-31T18:58:12.827+05:30"")",,"Tiny Tots","Tripura"
0,"ObjectId(""5bd9ae58192190eb65c10f6e"")","6714","Aloha G.B.Centre","ISODate(""2018-10-31T19:00:00.728+05:30"")","ISODate(""2018-10-31T19:00:00.729+05:30"")",,"Mental Arithmetic","Tripura"
0,"ObjectId(""5bd9ae80192190eb65c10f6f"")","6714","Aloha G.B.Centre","ISODate(""2018-10-31T19:00:40.362+05:30"")","ISODate(""2018-10-31T19:00:40.363+05:30"")",,"Tiny Tots","Tripura"
0,"ObjectId(""5bd9aee2192190eb65c10f70"")","6719","Aloha Gandhigram","ISODate(""2018-10-31T19:02:18.803+05:30"")","ISODate(""2018-10-31T19:02:18.804+05:30"")",,"Mental Arithmetic","Tripura"
0,"ObjectId(""5bd9af1d192190eb65c10f71"")","6719","Aloha Ghandhigram","ISODate(""2018-10-31T19:03:17.012+05:30"")","ISODate(""2018-10-31T19:03:39.308+05:30"")",,"Tiny Tots","Tripura"
0,"ObjectId(""5bd9af6c192190eb65c10f72"")","6720","Aloha Belonia","ISODate(""2018-10-31T19:04:36.026+05:30"")","ISODate(""2018-10-31T19:04:36.045+05:30"")",,"Tiny Tots","Tripura"
0,"ObjectId(""5bd9af9e192190eb65c10f73"")","6710","Aloha Nagerjala","ISODate(""2018-10-31T19:05:26.247+05:30"")","ISODate(""2018-11-02T09:24:17.633+05:30"")",,"Tiny Tots","Tripura"
,"ObjectId(""5bc8f2e679f6fe91780f157d"")","9053","Aloha Haiderpur",,,,"Mental Arithmetic","West Bengal"
,"ObjectId(""5bc8f2e679f6fe91780f157e"")","9059","Aloha Lalbhag",,,,"Mental Arithmetic","West Bengal"
,"ObjectId(""5bc8f2e679f6fe91780f157f"")","9062","Aloha Krishna Nagar",,,,"Mental Arithmetic","West Bengal"
,"ObjectId(""5bc8f2e679f6fe91780f1580"")","1902","Aloha Vaishali Nagar",,,,"Mental Arithmetic","Rajasthan"
,"ObjectId(""5bc8f2e679f6fe91780f1581"")","1904","Aloha Shastri Nagar",,,,"Mental Arithmetic","Rajasthan"
,"ObjectId(""5bc8f2e679f6fe91780f1582"")","1907A","Aloha Saxena Gali",,,,"Mental Arithmetic","Rajasthan"
,"ObjectId(""5bc8f2e679f6fe91780f1583"")","1915","Aoha Paota",,,,"Mental Arithmetic","Rajasthan"
,"ObjectId(""5bc8f2e679f6fe91780f1584"")","1918","Aloha JN Vyas Colony",,,,"Mental Arithmetic","Rajasthan"
,"ObjectId(""5bc8f2e679f6fe91780f1585"")","1933","Aloha Gangashahar",,,,"Mental Arithmetic","Rajasthan"
,"ObjectId(""5bc8f2e679f6fe91780f1586"")","1928","Aloha Madan Ganj",,,,"Mental Arithmetic","Rajasthan"
,"ObjectId(""5bc8f2e679f6fe91780f1587"")","4706","Aloha Zunheboto",,,,"Mental Arithmetic","Nagaland"
,"ObjectId(""5bc8f2e679f6fe91780f1588"")","4701","Aloha Red Building",,,,"Mental Arithmetic","Nagaland"
,"ObjectId(""5bc8f2e679f6fe91780f1589"")","6702","Aloha Math Chaumuhani",,,,"Mental Arithmetic","Tripura"
,"ObjectId(""5bc8f2e679f6fe91780f158a"")","6703","Aloha Paradise Chaumuhani",,,,"Mental Arithmetic","Tripura"
,"ObjectId(""5bc8f2e679f6fe91780f158b"")","6705","Aloha Bardowali","ISODate(""2018-10-31T18:50:11.099+05:30"")","ISODate(""2018-11-08T15:57:28.142+05:30"")",false,"Mental Arithmetic","Tripura"
,"ObjectId(""5bc8f2e679f6fe91780f158c"")","6708A","Aloha Durjoy Nagar","ISODate(""2018-10-31T18:50:36.991+05:30"")","ISODate(""2018-10-31T18:50:36.991+05:30"")",,"Tiny Tots","Tripura"
,"ObjectId(""5bc8f2e679f6fe91780f158d"")","6710","Aloha Joynagar","ISODate(""2018-11-01T10:12:40.013+05:30"")","ISODate(""2018-11-01T10:12:40.013+05:30"")",,"Mental Arithmetic","Tripura"
,"ObjectId(""5bc8f2e679f6fe91780f158e"")","6715A","Aloha Bishal Garh","ISODate(""2018-10-31T18:56:55.771+05:30"")","ISODate(""2018-10-31T18:56:55.771+05:30"")",,"Tiny Tots","Tripura"
,"ObjectId(""5bc8f2e679f6fe91780f158f"")","6718","Aloha Khayerpur",,,,"Mental Arithmetic","Tripura"
,"ObjectId(""5bc8f2e679f6fe91780f1590"")","1309A","Aloha Basaveshwar Nagar",,,,"Mental Arithmetic","Karnataka"
,"ObjectId(""5bc8f2e679f6fe91780f1591"")","1311","Aloha Rajaji Nagar",,,,"Mental Arithmetic","Karnataka"
,"ObjectId(""5bc8f2e679f6fe91780f1592"")","1322","Aloha HSR Layout",,,,"Mental Arithmetic","Karnataka"
,"ObjectId(""5bc8f2e679f6fe91780f1593"")","1323","Aloha Kumara Park West",,,,"Mental Arithmetic","Karnataka"
,"ObjectId(""5bc8f2e679f6fe91780f1594"")","1326A","Aloha Rajarajeshwari Nagar",,,,"Mental Arithmetic","Karnataka"
,"ObjectId(""5bc8f2e679f6fe91780f1595"")","1356","MALMARUTHI Belgaum","ISODate(""2018-11-04T10:50:18.010+05:30"")","ISODate(""2018-11-04T10:50:18.010+05:30"")",,"Mental Arithmetic","Karnataka"
,"ObjectId(""5bc8f2e679f6fe91780f1596"")","1344","Aloha Court Road, Karkala",,,,"Mental Arithmetic","Karnataka"
,"ObjectId(""5bc8f2e679f6fe91780f1597"")","1359A","Aloha Kunjibettu",,,,"Mental Arithmetic","Karnataka"
,"ObjectId(""5bc8f2e679f6fe91780f1598"")","1364A","Aloha Jalahalli West","ISODate(""2018-10-31T18:20:01.924+05:30"")","ISODate(""2018-10-31T18:33:05.686+05:30"")",,"Mental Arithmetic","Karnataka"
,"ObjectId(""5bc8f2e679f6fe91780f1599"")","1367","Aloha Hebbal",,,,"Mental Arithmetic","Karnataka"
,"ObjectId(""5bc8f2e679f6fe91780f159a"")","1318","Aloha Kanakpura Road",,,,"Mental Arithmetic","Karnataka"
,"ObjectId(""5bc8f2e679f6fe91780f159b"")","2004","Aloha Nasik City","ISODate(""2018-11-12T11:19:00.816+05:30"")","ISODate(""2018-11-12T11:19:00.816+05:30"")",false,"Mental Arithmetic","Maharashtra"
,"ObjectId(""5bc8f2e679f6fe91780f159c"")","2011A","Aloha Kondhwa",,,,"Mental Arithmetic","Maharashtra"
,"ObjectId(""5bc8f2e679f6fe91780f159d"")","2033","Aloha Gunj Bazaar",,,,"Mental Arithmetic","Maharashtra"
,"ObjectId(""5bc8f2e679f6fe91780f159e"")","2038","Aloha Shivaji Road",,,,"Mental Arithmetic","Maharashtra"
,"ObjectId(""5bc8f2e679f6fe91780f159f"")","2056","Aloha Navshya Ganpati",,,,"Mental Arithmetic","Maharashtra"
,"ObjectId(""5bc8f2e679f6fe91780f15a0"")","2078","Aloha Bandra West",,,,"Mental Arithmetic","Maharashtra"
,"ObjectId(""5bc8f2e679f6fe91780f15a1"")","2079","Aloha Trimurti Chowk",,,,"Mental Arithmetic","Maharashtra"
,"ObjectId(""5bc8f2e679f6fe91780f15a2"")","2071","Aloha Ajmera",,,,"Mental Arithmetic","Maharashtra"
,"ObjectId(""5bc8f2e679f6fe91780f15a3"")","2075","Aloha Baner",,,,"Mental Arithmetic","Maharashtra"
,"ObjectId(""5bc8f2e679f6fe91780f15a4"")","2077","Aloha Devlali Camp",,,,"Mental Arithmetic","Maharashtra"
,"ObjectId(""5bc8f2e679f6fe91780f15a5"")","2072","Aloha Jail Road",,,,"Mental Arithmetic","Maharashtra"
,"ObjectId(""5bc8f2e679f6fe91780f15a6"")","2082","Aloha Kharati",,,,"Mental Arithmetic","Maharashtra"
,"ObjectId(""5bc8f2e679f6fe91780f15a7"")","2081","Aloha Satpur",,,,"Mental Arithmetic","Maharashtra"
,"ObjectId(""5bc8f2e679f6fe91780f15a8"")","2083","Aloha Ganga",,,,"Mental Arithmetic","Maharashtra"
,"ObjectId(""5bc8f2e679f6fe91780f15a9"")","2084","Aloha More Baug",,,,"Mental Arithmetic","Maharashtra"
,"ObjectId(""5bc8f2e679f6fe91780f15aa"")","2085","Aloha Patil Road",,,,"Mental Arithmetic","Maharashtra"
,"ObjectId(""5bc8f2e679f6fe91780f15ab"")","9001","Aloha Berhampur",,,,"Tiny Tots","West Bengal"
,"ObjectId(""5bc8f2e679f6fe91780f15ac"")","9046","Aloha Konnagar",,,,"Tiny Tots","West Bengal"
,"ObjectId(""5bc8f2e679f6fe91780f15ad"")","9053","Aloha Haiderpur",,,,"Tiny Tots","West Bengal"
,"ObjectId(""5bc8f2e679f6fe91780f15ae"")","9059","Aloha Lalbhag",,,,"Tiny Tots","West Bengal"
,"ObjectId(""5bc8f2e679f6fe91780f15af"")","1902","Aloha Vaishali Nagar",,,,"Tiny Tots","Rajasthan"
,"ObjectId(""5bc8f2e679f6fe91780f15b0"")","1904","Aloha Shastri Nagar",,,,"Tiny Tots","Rajasthan"
,"ObjectId(""5bc8f2e679f6fe91780f15b1"")","1907A","Aloha Saxena Gali",,,,"Tiny Tots","Rajasthan"
,"ObjectId(""5bc8f2e679f6fe91780f15b2"")","1918","Aloha JN Vyas Colony",,,,"Tiny Tots","Rajasthan"
,"ObjectId(""5bc8f2e679f6fe91780f15b3"")","1933","Aloha Gangashahar",,,,"Tiny Tots","Rajasthan"
,"ObjectId(""5bc8f2e679f6fe91780f15b4"")","1928","Aloha Madan Ganj",,,,"Tiny Tots","Rajasthan"
,"ObjectId(""5bc8f2e679f6fe91780f164e"")","1098","Aloha Sirkali",,,true,"Tiny Tots","Tamil Nadu"
,"ObjectId(""5bc8f2e679f6fe91780f164f"")","1098","Aloha Sirkali",,,true,"Mental Arithmetic","Tamil Nadu"
,"ObjectId(""5bc8f2e679f6fe91780f1650"")","1402","Aloha Vallalar Salai",,,true,"State Mental Arithmetic","Pondicherry"
,"ObjectId(""5bc8f2e679f6fe91780f1651"")","1402","Aloha Vallalar Salai",,,true,"State Tiny Tots","Pondicherry"
,"ObjectId(""5bc8f2e679f6fe91780f1652"")","1042","Aloha Tambaram",,,true,"State Mental Arithmetic","Tamil Nadu"
,"ObjectId(""5bc8f2e679f6fe91780f1653"")","1004","Aloha Adyar",,,true,"State Mental Arithmetic","Tamil Nadu"
,"ObjectId(""5bc8f2e679f6fe91780f1654"")","1088c","Aloha Palavakkam",,,true,"State Mental Arithmetic","Tamil Nadu"
,"ObjectId(""5bc8f2e679f6fe91780f1655"")","1051A","Aloha Guduvanchery",,,true,"State Mental Arithmetic","Tamil Nadu"
,"ObjectId(""5bc8f2e679f6fe91780f1656"")","1015A","Aloha Ayanavaram",,,true,"State Mental Arithmetic","Tamil Nadu"
,"ObjectId(""5bc8f2e679f6fe91780f1657"")","1021","Aloha Jawahar Nagar",,,true,"State Mental Arithmetic","Tamil Nadu"
,"ObjectId(""5bc8f2e679f6fe91780f1658"")","1052","Aloha Kanchipuram",,,true,"State Mental Arithmetic","Tamil Nadu"
,"ObjectId(""5bc8f2e679f6fe91780f1659"")","1081","Aloha Amma Mandapam - Srirangam","ISODate(""2018-11-07T17:17:29.401+05:30"")","ISODate(""2018-11-07T17:17:29.401+05:30"")",true,"State Mental Arithmetic","Tamil Nadu"
,"ObjectId(""5bc8f2e679f6fe91780f165a"")","1083","Aloha Agraharam",,,true,"State Mental Arithmetic","Tamil Nadu"
,"ObjectId(""5bc8f2e679f6fe91780f165b"")","1090","Aloha Old Washermenpet",,,true,"State Mental Arithmetic","Tamil Nadu"
,"ObjectId(""5bc8f2e679f6fe91780f165c"")","1094","Aloha Melur Road - Srirangam","ISODate(""2018-11-07T17:14:04.677+05:30"")","ISODate(""2018-11-07T17:14:04.677+05:30"")",true,"State Mental Arithmetic","Tamil Nadu"
,"ObjectId(""5bc8f2e679f6fe91780f165d"")","1095","Aloha Dharmapuri",,,true,"State Mental Arithmetic","Tamil Nadu"
,"ObjectId(""5bc8f2e679f6fe91780f165e"")","1096","Aloha Perungalathur",,,true,"State Mental Arithmetic","Tamil Nadu"
,"ObjectId(""5bc8f2e679f6fe91780f165f"")","1098","Aloha Sirkali",,,true,"State Mental Arithmetic","Tamil Nadu"
,"ObjectId(""5bdc13ea3b45d25c65324b6f"")","8059","Aloha Dahod","ISODate(""2018-11-12T14:41:42.044+05:30"")","ISODate(""2018-11-15T11:53:01.852+05:30"")",false,"Tiny Tots","Gujarat"
,"ObjectId(""5bdc13ea3b45d25c65324b70"")","8059","Aloha Dahod","ISODate(""2018-11-12T14:42:07.031+05:30"")","ISODate(""2018-11-15T11:56:30.559+05:30"")",false,"English Smart","Gujarat"
,"ObjectId(""5bdc13ea3b45d25c65324b71"")","8060","Aloha Sunrise Complex","ISODate(""2018-11-09T13:39:28.014+05:30"")","ISODate(""2018-11-12T16:16:26.378+05:30"")",false,"Mental Arithmetic","Gujarat"
,"ObjectId(""5bdc13ea3b45d25c65324b72"")","8060","Aloha Sunrise Complex","ISODate(""2018-11-09T13:39:51.936+05:30"")","ISODate(""2018-11-12T16:16:54.617+05:30"")",false,"Tiny Tots","Gujarat"
,"ObjectId(""5bdc13ea3b45d25c65324b73"")","8060","Aloha Sunrise Complex","ISODate(""2018-11-09T13:39:02.537+05:30"")","ISODate(""2018-11-12T16:16:01.895+05:30"")",false,"English Smart","Gujarat"
,"ObjectId(""5bdc13ea3b45d25c65324b74"")","8061","Aloha New Yogi Chowk","ISODate(""2018-11-12T16:17:51.763+05:30"")","ISODate(""2018-11-12T16:17:51.763+05:30"")",false,"Mental Arithmetic","Gujarat"
,"ObjectId(""5bdc13ea3b45d25c65324b75"")","8061","Aloha New Yogi Chowk","ISODate(""2018-11-12T16:18:17.136+05:30"")","ISODate(""2018-11-12T16:18:17.136+05:30"")",false,"Tiny Tots","Gujarat"
,"ObjectId(""5bdc13ea3b45d25c65324b76"")","8061","Aloha New Yogi Chowk","ISODate(""2018-11-12T16:18:39.782+05:30"")","ISODate(""2018-11-12T16:18:39.782+05:30"")",false,"English Smart","Gujarat"
,"ObjectId(""5bdc13ea3b45d25c65324b77"")","8062","Aloha Rander Road","ISODate(""2018-11-12T16:21:03.050+05:30"")","ISODate(""2018-11-12T16:21:03.050+05:30"")",false,"Mental Arithmetic","Gujarat"
,"ObjectId(""5bdc13ea3b45d25c65324b78"")","8062","Aloha Rander Road","ISODate(""2018-11-12T16:28:29.058+05:30"")","ISODate(""2018-11-12T16:28:29.058+05:30"")",false,"Tiny Tots","Gujarat"
,"ObjectId(""5bdc13ea3b45d25c65324b79"")","8062","Aloha Rander Road","ISODate(""2018-11-12T16:28:51.611+05:30"")","ISODate(""2018-11-12T16:28:51.611+05:30"")",false,"English Smart","Gujarat"
,"ObjectId(""5bdc13ea3b45d25c65324b7a"")","8063","Aloha Science City","ISODate(""2018-11-12T16:31:04.106+05:30"")","ISODate(""2018-11-12T16:31:04.106+05:30"")",false,"Mental Arithmetic","Gujarat"
,"ObjectId(""5bdc13ea3b45d25c65324b7b"")","8063","Aloha Science City","ISODate(""2018-11-12T16:31:25.894+05:30"")","ISODate(""2018-11-12T16:31:25.894+05:30"")",false,"Tiny Tots","Gujarat"
,"ObjectId(""5bdc13ea3b45d25c65324b7c"")","8063","Aloha Science City","ISODate(""2018-11-12T16:31:48.063+05:30"")","ISODate(""2018-11-12T16:31:48.063+05:30"")",false,"English Smart","Gujarat"
,"ObjectId(""5bdc13ea3b45d25c65324b7d"")","8064","Aloha Silvassa","ISODate(""2018-11-12T16:33:10.152+05:30"")","ISODate(""2018-11-12T16:33:10.152+05:30"")",false,"Mental Arithmetic","Gujarat"
,"ObjectId(""5bdc13ea3b45d25c65324b7e"")","8064","Aloha Silvassa","ISODate(""2018-11-12T16:33:35.057+05:30"")","ISODate(""2018-11-12T16:33:35.057+05:30"")",false,"Tiny Tots","Gujarat"
,"ObjectId(""5bdc13ea3b45d25c65324b7f"")","8064","Aloha Silvassa","ISODate(""2018-11-12T16:33:57.673+05:30"")","ISODate(""2018-11-12T16:33:57.673+05:30"")",false,"English Smart","Gujarat"
,"ObjectId(""5bdc13ea3b45d25c65324b80"")","8065","Aloha Gurukul","ISODate(""2018-11-09T14:00:50.330+05:30"")","ISODate(""2018-11-12T16:34:36.862+05:30"")",false,"Mental Arithmetic","Gujarat"
,"ObjectId(""5bdc13ea3b45d25c65324b81"")","8065","Aloha Gurukul","ISODate(""2018-11-09T14:01:25.900+05:30"")","ISODate(""2018-11-12T16:34:58.045+05:30"")",false,"Tiny Tots","Gujarat"
,"ObjectId(""5bdc13ea3b45d25c65324b82"")","8065","Aloha Gurukul","ISODate(""2018-11-09T14:01:49.523+05:30"")","ISODate(""2018-11-12T16:35:18.149+05:30"")",false,"English Smart","Gujarat"
,"ObjectId(""5bdc13ea3b45d25c65324b83"")","8066","Aloha Sabarmati","ISODate(""2018-11-09T14:09:35.440+05:30"")","ISODate(""2018-11-12T16:36:13.509+05:30"")",false,"Mental Arithmetic","Gujarat"
,"ObjectId(""5bdc13ea3b45d25c65324b84"")","8066","Aloha Sabarmati","ISODate(""2018-11-09T14:10:16.234+05:30"")","ISODate(""2018-11-12T16:36:37.439+05:30"")",false,"Tiny Tots","Gujarat"
,"ObjectId(""5bdc13ea3b45d25c65324b50"")","8049","Aloha Mahuva","ISODate(""2018-11-12T16:37:34.239+05:30"")","ISODate(""2018-11-15T11:34:43.856+05:30"")",false,"Mental Arithmetic","Gujarat"
,"ObjectId(""5bdc13ea3b45d25c65324b51"")","8049","Aloha Mahuva","ISODate(""2018-11-12T16:37:53.930+05:30"")","ISODate(""2018-11-15T11:35:52.365+05:30"")",false,"Tiny Tots","Gujarat"
,"ObjectId(""5bdc13ea3b45d25c65324b52"")","8049","Aloha Mahuva","ISODate(""2018-11-12T16:38:13.070+05:30"")","ISODate(""2018-11-15T11:36:23.261+05:30"")",false,"English Smart","Gujarat"
,"ObjectId(""5bdc13ea3b45d25c65324b53"")","8050","Aloha Navsari","ISODate(""2018-11-12T16:38:46.361+05:30"")","ISODate(""2018-11-12T16:38:46.361+05:30"")",false,"Mental Arithmetic","Gujarat"
,"ObjectId(""5bdc13ea3b45d25c65324b54"")","8050","Aloha Navsari","ISODate(""2018-11-12T16:39:10.326+05:30"")","ISODate(""2018-11-12T16:39:10.326+05:30"")",false,"Tiny Tots","Gujarat"
,"ObjectId(""5bdc13ea3b45d25c65324b55"")","8050","Aloha Navsari","ISODate(""2018-11-12T16:41:07.758+05:30"")","ISODate(""2018-11-12T16:41:07.758+05:30"")",false,"English Smart","Gujarat"
,"ObjectId(""5bdc13ea3b45d25c65324b56"")","8051","Aloha Modasa Center","ISODate(""2018-11-09T14:25:21.939+05:30"")","ISODate(""2018-11-15T12:10:47.538+05:30"")",false,"Mental Arithmetic","Gujarat"
,"ObjectId(""5bdc13ea3b45d25c65324b57"")","8051","Aloha Modasa Center","ISODate(""2018-11-09T14:25:57.681+05:30"")","ISODate(""2018-11-15T12:11:21.262+05:30"")",false,"Tiny Tots","Gujarat"
,"ObjectId(""5bdc13ea3b45d25c65324b58"")","8051","Aloha Modasa Center","ISODate(""2018-11-09T14:26:22.216+05:30"")","ISODate(""2018-11-15T12:11:57.104+05:30"")",false,"English Smart","Gujarat"
,"ObjectId(""5bdc13ea3b45d25c65324b59"")","8052","Aloha Sector -21","ISODate(""2018-11-12T16:52:25.206+05:30"")","ISODate(""2018-11-15T11:45:06.325+05:30"")",false,"Mental Arithmetic","Gujarat"
,"ObjectId(""5bdc13ea3b45d25c65324b5a"")","8052","Aloha Sector -21","ISODate(""2018-11-12T16:53:11.795+05:30"")","ISODate(""2018-11-15T11:45:45.815+05:30"")",false,"Tiny Tots","Gujarat"
,"ObjectId(""5bdc13ea3b45d25c65324b5b"")","8052","Aloha Sector -21","ISODate(""2018-11-12T16:53:29.923+05:30"")","ISODate(""2018-11-15T11:46:16.089+05:30"")",false,"English Smart","Gujarat"
,"ObjectId(""5bdc13ea3b45d25c65324b5c"")","8053","Aloha Mota varacha","ISODate(""2018-11-12T16:19:27.559+05:30"")","ISODate(""2018-11-12T16:19:27.559+05:30"")",false,"Mental Arithmetic","Gujarat"
,"ObjectId(""5bdc13ea3b45d25c65324b5d"")","8053","Aloha Mota varacha","ISODate(""2018-11-12T16:19:50.065+05:30"")","ISODate(""2018-11-12T16:19:50.065+05:30"")",false,"Tiny Tots","Gujarat"
,"ObjectId(""5bdc13ea3b45d25c65324b5e"")","8053","Aloha Mota varacha","ISODate(""2018-11-12T16:20:16.149+05:30"")","ISODate(""2018-11-12T16:20:16.149+05:30"")",false,"English Smart","Gujarat"
,"ObjectId(""5bdc13ea3b45d25c65324b5f"")","8054","Aloha Bhattha","ISODate(""2018-11-12T16:54:09.366+05:30"")","ISODate(""2018-11-12T16:54:09.366+05:30"")",false,"Mental Arithmetic","Gujarat"
,"ObjectId(""5bdc13ea3b45d25c65324b60"")","8054","Aloha Bhattha","ISODate(""2018-11-12T16:54:32.283+05:30"")","ISODate(""2018-11-12T16:54:32.283+05:30"")",false,"Tiny Tots","Gujarat"
,"ObjectId(""5bdc13ea3b45d25c65324b61"")","8054","Aloha Bhattha","ISODate(""2018-11-12T16:54:49.257+05:30"")","ISODate(""2018-11-12T16:54:49.257+05:30"")",false,"English Smart","Gujarat"
,"ObjectId(""5bdc13ea3b45d25c65324b62"")","8055","Aloha Thaltej","ISODate(""2018-11-12T16:55:24.754+05:30"")","ISODate(""2018-11-12T16:55:24.754+05:30"")",false,"Mental Arithmetic","Gujarat"
,"ObjectId(""5bdc13ea3b45d25c65324b63"")","8055","Aloha Thaltej","ISODate(""2018-11-12T16:55:45.257+05:30"")","ISODate(""2018-11-12T16:55:45.257+05:30"")",false,"Tiny Tots","Gujarat"
,"ObjectId(""5bdc13ea3b45d25c65324b64"")","8055","Aloha Thaltej","ISODate(""2018-11-12T16:56:03.853+05:30"")","ISODate(""2018-11-12T16:56:03.853+05:30"")",false,"English Smart","Gujarat"
,"ObjectId(""5bdc13ea3b45d25c65324b65"")","8056","Aloha Vijay Cross Road","ISODate(""2018-11-12T16:56:40.320+05:30"")","ISODate(""2018-11-12T16:56:40.320+05:30"")",false,"Mental Arithmetic","Gujarat"
,"ObjectId(""5bdc13ea3b45d25c65324b66"")","8056","Aloha Vijay Cross Road","ISODate(""2018-11-12T16:56:57.085+05:30"")","ISODate(""2018-11-12T16:56:57.085+05:30"")",false,"Tiny Tots","Gujarat"
,"ObjectId(""5bdc13ea3b45d25c65324b67"")","8056","Aloha Vijay Cross Road","ISODate(""2018-11-12T16:57:13.641+05:30"")","ISODate(""2018-11-12T16:57:13.641+05:30"")",false,"English Smart","Gujarat"
,"ObjectId(""5bdc13ea3b45d25c65324b68"")","8057","Aloha Piplod","ISODate(""2018-11-12T14:38:30.589+05:30"")","ISODate(""2018-11-12T14:38:30.589+05:30"")",false,"Mental Arithmetic","Gujarat"
,"ObjectId(""5bdc13ea3b45d25c65324b88"")","8067","Aloha Bharuch Dahej Road","ISODate(""2018-11-12T16:58:25.078+05:30"")","ISODate(""2018-11-12T16:58:25.078+05:30"")",false,"English Smart","Gujarat"
,"ObjectId(""5bdc13ea3b45d25c65324b89"")","8068","Aloha Bharuch Zadeshwar Road","ISODate(""2018-11-12T16:59:54.882+05:30"")","ISODate(""2018-11-12T16:59:54.882+05:30"")",false,"Mental Arithmetic","Gujarat"
,"ObjectId(""5bdc13ea3b45d25c65324b8a"")","8068","Aloha Bharuch Zadeshwar Road","ISODate(""2018-11-12T17:00:13.118+05:30"")","ISODate(""2018-11-12T17:00:13.118+05:30"")",false,"Tiny Tots","Gujarat"
,"ObjectId(""5bdc13ea3b45d25c65324b8b"")","8068","Aloha Bharuch Zadeshwar Road","ISODate(""2018-11-12T17:00:30.397+05:30"")","ISODate(""2018-11-12T17:00:30.397+05:30"")",false,"English Smart","Gujarat"
,"ObjectId(""5bdc13ea3b45d25c65324b8c"")","8069","Aloha Gota","ISODate(""2018-11-12T17:01:03.957+05:30"")","ISODate(""2018-11-12T17:01:03.957+05:30"")",false,"Mental Arithmetic","Gujarat"
,"ObjectId(""5bdc13ea3b45d25c65324b8d"")","8069","Aloha Gota","ISODate(""2018-11-12T17:01:19.765+05:30"")","ISODate(""2018-11-12T17:01:19.765+05:30"")",false,"Tiny Tots","Gujarat"
,"ObjectId(""5bdc13ea3b45d25c65324b8e"")","8069","Aloha Gota","ISODate(""2018-11-12T17:01:37.594+05:30"")","ISODate(""2018-11-12T17:01:37.594+05:30"")",false,"English Smart","Gujarat"
,"ObjectId(""5bdc13ea3b45d25c65324b8f"")","8070","Aloha Godhra","ISODate(""2018-11-12T17:02:01.853+05:30"")","ISODate(""2018-11-15T11:26:44.909+05:30"")",false,"Mental Arithmetic","Gujarat"
,"ObjectId(""5bdc13ea3b45d25c65324b90"")","8070","Aloha Godhra","ISODate(""2018-11-12T17:02:18.425+05:30"")","ISODate(""2018-11-15T11:27:21.186+05:30"")",false,"Tiny Tots","Gujarat"
,"ObjectId(""5bdc13ea3b45d25c65324b91"")","8070","Aloha Godhra","ISODate(""2018-11-12T17:02:33.042+05:30"")","ISODate(""2018-11-15T11:27:47.945+05:30"")",false,"English Smart","Gujarat"
,"ObjectId(""5bdc13ea3b45d25c65324b92"")","8071","Aloha Jahangirpura","ISODate(""2018-11-12T17:02:58.997+05:30"")","ISODate(""2018-11-12T17:02:58.997+05:30"")",false,"Mental Arithmetic","Gujarat"
,"ObjectId(""5bdc13ea3b45d25c65324b93"")","8071","Aloha Jahangirpura","ISODate(""2018-11-12T17:03:14.118+05:30"")","ISODate(""2018-11-12T17:03:14.118+05:30"")",false,"Tiny Tots","Gujarat"
,"ObjectId(""5bdc13ea3b45d25c65324b94"")","8071","Aloha Jahangirpura","ISODate(""2018-11-12T17:03:32.759+05:30"")","ISODate(""2018-11-12T17:03:32.759+05:30"")",false,"English Smart","Gujarat"
,"ObjectId(""5bdc13ea3b45d25c65324b95"")","8072","Aloha Maninagar","ISODate(""2018-11-09T14:03:51.055+05:30"")","ISODate(""2018-11-12T17:04:04.252+05:30"")",false,"Mental Arithmetic","Gujarat"
,"ObjectId(""5bdc13ea3b45d25c65324b96"")","8072","Aloha Maninagar","ISODate(""2018-11-09T14:04:21.853+05:30"")","ISODate(""2018-11-12T17:04:21.587+05:30"")",false,"Tiny Tots","Gujarat"
,"ObjectId(""5bdc13ea3b45d25c65324b97"")","8072","Aloha Maninagar","ISODate(""2018-11-09T14:04:46.396+05:30"")","ISODate(""2018-11-12T17:04:38.023+05:30"")",false,"English Smart","Gujarat"
,"ObjectId(""5bdc13ea3b45d25c65324b98"")","8073","Aloha Godadara","ISODate(""2018-11-12T17:05:20.286+05:30"")","ISODate(""2018-11-12T17:05:20.286+05:30"")",false,"Mental Arithmetic","Gujarat"
,"ObjectId(""5bdc13ea3b45d25c65324b99"")","8073","Aloha Godadara","ISODate(""2018-11-12T17:05:36.699+05:30"")","ISODate(""2018-11-12T17:05:36.699+05:30"")",false,"Tiny Tots","Gujarat"
,"ObjectId(""5bdc13ea3b45d25c65324b9a"")","8073","Aloha Godadara","ISODate(""2018-11-12T17:05:53.707+05:30"")","ISODate(""2018-11-12T17:05:53.707+05:30"")",false,"English Smart","Gujarat"
,"ObjectId(""5bdc13ea3b45d25c65324b9b"")","8074","Aloha Chikuwadi","ISODate(""2018-11-12T17:06:23.270+05:30"")","ISODate(""2018-11-12T17:06:23.270+05:30"")",false,"Mental Arithmetic","Gujarat"
,"ObjectId(""5bdc13ea3b45d25c65324b9c"")","8074","Aloha Chikuwadi","ISODate(""2018-11-12T17:06:43.637+05:30"")","ISODate(""2018-11-12T17:06:43.637+05:30"")",false,"Tiny Tots","Gujarat"
,"ObjectId(""5bdc13ea3b45d25c65324b9d"")","8074","Aloha Chikuwadi","ISODate(""2018-11-12T17:06:56.561+05:30"")","ISODate(""2018-11-12T17:06:56.561+05:30"")",false,"English Smart","Gujarat"
,"ObjectId(""5bdc13ea3b45d25c65324b9e"")","8075","Aloha Vastrapur","ISODate(""2018-11-12T17:07:26.477+05:30"")","ISODate(""2018-11-12T17:07:26.477+05:30"")",false,"Mental Arithmetic","Gujarat"
,"ObjectId(""5bdc13ea3b45d25c65324b9f"")","8075","Aloha Vastrapur","ISODate(""2018-11-12T17:07:56.363+05:30"")","ISODate(""2018-11-12T17:07:56.363+05:30"")",false,"Tiny Tots","Gujarat"
,"ObjectId(""5bdc13ea3b45d25c65324ba0"")","8075","Aloha Vastrapur","ISODate(""2018-11-12T17:08:12.118+05:30"")","ISODate(""2018-11-12T17:08:12.118+05:30"")",false,"English Smart","Gujarat"
,"ObjectId(""5bdc13ea3b45d25c65324ba1"")","8076","Aloha DKV Colloge","ISODate(""2018-11-12T17:08:46.329+05:30"")","ISODate(""2018-11-12T17:08:46.329+05:30"")",false,"Mental Arithmetic","Gujarat"
,"ObjectId(""5bdc13ea3b45d25c65324ba2"")","8076","Aloha DKV Colloge","ISODate(""2018-11-12T17:09:04.609+05:30"")","ISODate(""2018-11-12T17:09:04.609+05:30"")",false,"Tiny Tots","Gujarat"
,"ObjectId(""5bdc13ea3b45d25c65324ba3"")","8076","Aloha DKV Colloge","ISODate(""2018-11-12T17:09:22.108+05:30"")","ISODate(""2018-11-12T17:09:22.108+05:30"")",false,"English Smart","Gujarat"
,"ObjectId(""5bdc13ea3b45d25c65324ba4"")","8077","Aloha Motibaug","ISODate(""2018-11-12T17:10:07.064+05:30"")","ISODate(""2018-11-12T17:10:07.064+05:30"")",false,"Mental Arithmetic","Gujarat"
,"ObjectId(""5bdc13ea3b45d25c65324ba5"")","8077","Aloha Motibaug","ISODate(""2018-11-12T17:10:23.990+05:30"")","ISODate(""2018-11-12T17:10:23.990+05:30"")",false,"Tiny Tots","Gujarat"
,"ObjectId(""5bdc13ea3b45d25c65324ba6"")","8077","Aloha Motibaug","ISODate(""2018-11-12T17:10:38.541+05:30"")","ISODate(""2018-11-12T17:10:38.541+05:30"")",false,"English Smart","Gujarat"
,"ObjectId(""5bdc13ea3b45d25c65324ba7"")","8078","Aloha Naranpura","ISODate(""2018-11-09T14:07:44.518+05:30"")","ISODate(""2018-11-12T17:11:29.531+05:30"")",false,"Mental Arithmetic","Gujarat"
,"ObjectId(""5bdc13ea3b45d25c65324ba8"")","8078","Aloha Naranpura","ISODate(""2018-11-09T14:08:05.632+05:30"")","ISODate(""2018-11-12T17:11:44.458+05:30"")",false,"Tiny Tots","Gujarat"
,"ObjectId(""5bdc13ea3b45d25c65324ba9"")","8078","Aloha Naranpura","ISODate(""2018-11-09T14:08:26.973+05:30"")","ISODate(""2018-11-12T17:11:58.284+05:30"")",false,"English Smart","Gujarat"
,"ObjectId(""5bdc13ea3b45d25c65324baa"")","8079","Aloha Bodakdev Center","ISODate(""2018-11-12T17:12:24.723+05:30"")","ISODate(""2018-11-15T11:38:19.855+05:30"")",false,"Mental Arithmetic","Gujarat"
,"ObjectId(""5bdc13ea3b45d25c65324bab"")","8079","Aloha Bodakdev Center","ISODate(""2018-11-12T17:12:42.319+05:30"")","ISODate(""2018-11-15T11:39:13.961+05:30"")",false,"Tiny Tots","Gujarat"
,"ObjectId(""5bdc13ea3b45d25c65324bac"")","8079","Aloha Bodakdev Center","ISODate(""2018-11-12T17:14:03.855+05:30"")","ISODate(""2018-11-15T11:39:40.419+05:30"")",false,"English Smart","Gujarat"
,"ObjectId(""5bdc13ea3b45d25c65324bad"")","8080","Aloha Yagnik Road","ISODate(""2018-11-12T17:15:14.167+05:30"")","ISODate(""2018-11-12T17:15:14.167+05:30"")",false,"Mental Arithmetic","Gujarat"
,"ObjectId(""5bdc13ea3b45d25c65324bae"")","8080","Aloha Yagnik Road","ISODate(""2018-11-12T17:15:31.056+05:30"")","ISODate(""2018-11-12T17:15:31.056+05:30"")",false,"Tiny Tots","Gujarat"
,"ObjectId(""5bdc13ea3b45d25c65324baf"")","8080","Aloha Yagnik Road","ISODate(""2018-11-12T17:15:47.749+05:30"")","ISODate(""2018-11-12T17:15:47.749+05:30"")",false,"English Smart","Gujarat"
,"ObjectId(""5bdc13ea3b45d25c65324bb0"")","8081","Aloha Bapunagar","ISODate(""2018-11-12T17:16:16.193+05:30"")","ISODate(""2018-11-12T17:16:16.193+05:30"")",false,"Mental Arithmetic","Gujarat"
,"ObjectId(""5bdc13ea3b45d25c65324bb1"")","8081","Aloha Bapunagar","ISODate(""2018-11-12T17:16:39.482+05:30"")","ISODate(""2018-11-12T17:16:39.482+05:30"")",false,"Tiny Tots","Gujarat"
,"ObjectId(""5bdc13ea3b45d25c65324bb2"")","8081","Aloha Bapunagar","ISODate(""2018-11-12T17:17:09.581+05:30"")","ISODate(""2018-11-12T17:17:09.581+05:30"")",false,"English Smart","Gujarat"
0,"ObjectId(""5bde8302192190eb65c1101f"")","1356","MALMARUTHI Belgaum","ISODate(""2018-11-04T10:56:26.927+05:30"")","ISODate(""2018-11-04T11:10:24.938+05:30"")",,"English Smart","Karnataka"
0,"ObjectId(""5bde887a192190eb65c11035"")","1357","Aloha RPD Cross","ISODate(""2018-11-04T11:19:46.002+05:30"")","ISODate(""2018-11-04T11:19:46.004+05:30"")",,"Tiny Tots","Karnataka"
0,"ObjectId(""5be2c470192190eb65c111a6"")","8082","Aloha Kalanala","ISODate(""2018-11-07T16:24:40.109+05:30"")","ISODate(""2018-11-12T17:17:48.735+05:30"")",false,"Mental Arithmetic","Gujarat"
0,"ObjectId(""5be2c4ba192190eb65c111a9"")","8082","Aloha Kalanala","ISODate(""2018-11-07T16:25:54.658+05:30"")","ISODate(""2018-11-12T17:18:07.331+05:30"")",false,"Tiny Tots","Gujarat"
0,"ObjectId(""5be2c50a192190eb65c111aa"")","8082","Aloha Kalanala","ISODate(""2018-11-07T16:27:14.672+05:30"")","ISODate(""2018-11-12T17:18:22.972+05:30"")",false,"English Smart","Gujarat"
0,"ObjectId(""5be2c57f192190eb65c111ae"")","8083","Aloha Kaliabid","ISODate(""2018-11-07T16:29:11.151+05:30"")","ISODate(""2018-11-12T17:18:49.926+05:30"")",false,"Mental Arithmetic","Gujarat"
0,"ObjectId(""5be2c5a2192190eb65c111af"")","8083","Aloha Kaliabid","ISODate(""2018-11-07T16:29:46.070+05:30"")","ISODate(""2018-11-12T17:19:04.716+05:30"")",false,"Tiny Tots","Gujarat"
0,"ObjectId(""5be2c5cf192190eb65c111b0"")","8083","Aloha Kaliabid","ISODate(""2018-11-07T16:30:31.917+05:30"")","ISODate(""2018-11-12T17:19:20.471+05:30"")",false,"English Smart","Gujarat"
0,"ObjectId(""5be2c6f7192190eb65c111b6"")","8084","Aloha Ghogha Circle","ISODate(""2018-11-07T16:35:27.573+05:30"")","ISODate(""2018-11-12T17:19:47.441+05:30"")",false,"Mental Arithmetic","Gujarat"
0,"ObjectId(""5be2c720192190eb65c111b7"")","8084","Aloha Ghogha Circle","ISODate(""2018-11-07T16:36:08.889+05:30"")","ISODate(""2018-11-12T17:20:05.398+05:30"")",false,"Tiny Tots","Gujarat"
0,"ObjectId(""5be2c747192190eb65c111b8"")","8084","Aloha Ghogha Circle","ISODate(""2018-11-07T16:36:47.814+05:30"")","ISODate(""2018-11-12T17:20:22.060+05:30"")",false,"English Smart","Gujarat"
0,"ObjectId(""5be2d15d192190eb65c111bd"")","8038","Aloha Bopal","ISODate(""2018-11-07T17:19:49.287+05:30"")","ISODate(""2018-11-12T14:10:02.996+05:30"")",false,"Speed Maths","Gujarat"
0,"ObjectId(""5be2d1a9192190eb65c111bf"")","8022","Aloha Drive In Road","ISODate(""2018-11-07T17:21:05.215+05:30"")","ISODate(""2018-11-15T11:41:11.875+05:30"")",false,"Speed Maths","Gujarat"
0,"ObjectId(""5be2d217192190eb65c111c0"")","8078","Aloha Naranpura","ISODate(""2018-11-07T17:22:55.947+05:30"")","ISODate(""2018-11-12T17:11:06.140+05:30"")",false,"Speed Maths","Gujarat"
0,"ObjectId(""5be2d25b192190eb65c111c1"")","8005","Aloha Shyamal","ISODate(""2018-11-07T17:24:03.607+05:30"")","ISODate(""2018-11-12T14:54:57.817+05:30"")",false,"Speed Maths","Gujarat"
0,"ObjectId(""5be2d29b192190eb65c111c2"")","8064","Aloha Silvassa","ISODate(""2018-11-07T17:25:07.538+05:30"")","ISODate(""2018-11-12T16:32:35.758+05:30"")",false,"Speed Maths","Gujarat"
0,"ObjectId(""5be2d2cf192190eb65c111c3"")","8041","Aloha Adajan Surat","ISODate(""2018-11-07T17:25:59.642+05:30"")","ISODate(""2018-11-12T14:15:33.217+05:30"")",false,"Speed Maths","Gujarat"
0,"ObjectId(""5be2d31c192190eb65c111c4"")","8033","Aloha Bhatar","ISODate(""2018-11-07T17:27:16.408+05:30"")","ISODate(""2018-11-12T16:06:48.706+05:30"")",false,"Speed Maths","Gujarat"
0,"ObjectId(""5be2d35e192190eb65c111c5"")","8057","Aloha Piplod","ISODate(""2018-11-07T17:28:22.456+05:30"")","ISODate(""2018-11-12T14:37:25.631+05:30"")",false,"Speed Maths","Gujarat"
0,"ObjectId(""5be2d3aa192190eb65c111c6"")","8006","Aloha Punakumbharia","ISODate(""2018-11-07T17:29:38.419+05:30"")","ISODate(""2018-11-12T14:48:00.130+05:30"")",false,"Speed Maths","Gujarat"
0,"ObjectId(""5be2d442192190eb65c111ca"")","8040","Aloha Kalawad Road","ISODate(""2018-11-07T17:32:10.006+05:30"")","ISODate(""2018-11-12T14:13:40.889+05:30"")",false,"Speed Maths","Gujarat"
0,"ObjectId(""5be2d4ad192190eb65c111cb"")","8058","Aloha Valsad","ISODate(""2018-11-07T17:33:57.206+05:30"")","ISODate(""2018-11-12T14:39:19.151+05:30"")",false,"Speed Maths","Gujarat"
0,"ObjectId(""5be3ebdbecdebcf770ef21e9"")","3028","Aloha Everonn","ISODate(""2018-11-08T13:25:07.848+05:30"")","ISODate(""2018-11-08T13:25:07.855+05:30"")",false,"Tiny Tots","Jammu And Kashmir"
0,"ObjectId(""5be3edc6ecdebcf770ef21ea"")","3103","Aloha Manzgam","ISODate(""2018-11-08T13:33:18.896+05:30"")","ISODate(""2018-11-08T13:33:18.903+05:30"")",false,"Tiny Tots","Jammu And Kashmir"
0,"ObjectId(""5be3effcecdebcf770ef21ef"")","3108","Aloha Batpora","ISODate(""2018-11-08T13:42:44.488+05:30"")","ISODate(""2018-11-08T13:42:44.497+05:30"")",false,"Tiny Tots","Jammu And Kashmir"
0,"ObjectId(""5be3f072ecdebcf770ef21f0"")","3107","Aloha Ganderbal","ISODate(""2018-11-08T13:44:42.361+05:30"")","ISODate(""2018-11-08T13:44:42.363+05:30"")",false,"Tiny Tots","Jammu And Kashmir"
0,"ObjectId(""5be3f0fbecdebcf770ef21f1"")","3113","Aloha Chadoora","ISODate(""2018-11-08T13:46:59.258+05:30"")","ISODate(""2018-11-08T13:46:59.259+05:30"")",false,"Tiny Tots","Jammu And Kashmir"
0,"ObjectId(""5be3f156ecdebcf770ef21f4"")","3114","Aloha Mir Bazar","ISODate(""2018-11-08T13:48:30.126+05:30"")","ISODate(""2018-11-08T13:48:30.128+05:30"")",false,"Tiny Tots","Jammu And Kashmir"
0,"ObjectId(""5be3f1b2ecdebcf770ef21f5"")","3001-Ext","Aloha Khanyar","ISODate(""2018-11-08T13:50:02.647+05:30"")","ISODate(""2018-11-08T13:50:02.671+05:30"")",false,"Tiny Tots","Jammu And Kashmir"
0,"ObjectId(""5be3f253ecdebcf770ef21f6"")","3110","Aloha Sumbal","ISODate(""2018-11-08T13:52:43.469+05:30"")","ISODate(""2018-11-08T13:52:43.470+05:30"")",false,"Tiny Tots","Jammu And Kashmir"
0,"ObjectId(""5be3f2aaecdebcf770ef21f7"")","3054","Aloha Raj Bagh","ISODate(""2018-11-08T13:54:10.986+05:30"")","ISODate(""2018-11-08T13:54:10.988+05:30"")",false,"Tiny Tots","Jammu And Kashmir"
0,"ObjectId(""5be3f318ecdebcf770ef21f9"")","3084","Aloha Qazigund Ang","ISODate(""2018-11-08T13:56:00.142+05:30"")","ISODate(""2018-11-08T13:56:00.151+05:30"")",false,"Tiny Tots","Jammu And Kashmir"
0,"ObjectId(""5be3f393ecdebcf770ef21fd"")","3016","Aloha Nishat","ISODate(""2018-11-08T13:58:03.944+05:30"")","ISODate(""2018-11-08T13:58:03.946+05:30"")",false,"Tiny Tots","Jammu And Kashmir"
0,"ObjectId(""5be3f425ecdebcf770ef21fe"")","3062","Aloha HMT","ISODate(""2018-11-08T14:00:29.265+05:30"")","ISODate(""2018-11-08T14:00:29.267+05:30"")",false,"Tiny Tots","Jammu And Kashmir"
0,"ObjectId(""5be3f486ecdebcf770ef21ff"")","3044","Aloha Chakhan Sopore","ISODate(""2018-11-08T14:02:06.075+05:30"")","ISODate(""2018-11-08T14:02:06.096+05:30"")",false,"Tiny Tots","Jammu And Kashmir"
0,"ObjectId(""5be3f4cbecdebcf770ef2200"")","3008","Aloha Bemina","ISODate(""2018-11-08T14:03:15.822+05:30"")","ISODate(""2018-11-08T14:03:15.823+05:30"")",false,"Tiny Tots","Jammu And Kashmir"
0,"ObjectId(""5be3f522ecdebcf770ef2201"")","3026","Aloha Awantipora","ISODate(""2018-11-08T14:04:42.471+05:30"")","ISODate(""2018-11-08T14:04:42.472+05:30"")",false,"Tiny Tots","Jammu And Kashmir"
0,"ObjectId(""5be42689ecdebcf770ef221a"")","8085","Aloha Bhaktinager","ISODate(""2018-11-08T17:35:29.878+05:30"")","ISODate(""2018-11-12T17:20:46.223+05:30"")",false,"Mental Arithmetic","Gujarat"
0,"ObjectId(""5be426c3ecdebcf770ef221b"")","8085","Aloha Bhaktinager","ISODate(""2018-11-08T17:36:27.575+05:30"")","ISODate(""2018-11-12T17:21:03.750+05:30"")",false,"Tiny Tots","Gujarat"
0,"ObjectId(""5be426e4ecdebcf770ef221c"")","8085","Aloha Bhaktinager","ISODate(""2018-11-08T17:37:00.205+05:30"")","ISODate(""2018-11-12T17:21:18.825+05:30"")",false,"English Smart","Gujarat"
0,"ObjectId(""5be42700ecdebcf770ef221d"")","8085","Aloha Bhaktinager","ISODate(""2018-11-08T17:37:28.965+05:30"")","ISODate(""2018-11-12T17:21:33.097+05:30"")",false,"Speed Maths","Gujarat"
0,"ObjectId(""5be54638ecdebcf770ef2253"")","8065","Aloha Gurukul","ISODate(""2018-11-09T14:02:56.764+05:30"")","ISODate(""2018-11-12T16:35:37.650+05:30"")",false,"Speed Maths","Gujarat"
0,"ObjectId(""5be546eaecdebcf770ef2254"")","8072","Aloha Maninagar","ISODate(""2018-11-09T14:05:54.871+05:30"")","ISODate(""2018-11-12T17:04:52.430+05:30"")",false,"Speed Maths","Gujarat"
0,"ObjectId(""5be54c34ecdebcf770ef2257"")","8086","Aloha Nikol","ISODate(""2018-11-09T14:28:28.467+05:30"")","ISODate(""2018-11-12T17:22:02.769+05:30"")",false,"Mental Arithmetic","Gujarat"
0,"ObjectId(""5be54c77ecdebcf770ef2258"")","8086","Aloha Nikol","ISODate(""2018-11-09T14:29:35.149+05:30"")","ISODate(""2018-11-12T17:22:18.333+05:30"")",false,"Tiny Tots","Gujarat"
0,"ObjectId(""5be54c96ecdebcf770ef2259"")","8086","Aloha Nikol","ISODate(""2018-11-09T14:30:06.847+05:30"")","ISODate(""2018-11-12T17:22:35.638+05:30"")",false,"English Smart","Gujarat"
0,"ObjectId(""5be54cfdecdebcf770ef225a"")","8087","Aloha Prahladnagar Corpor","ISODate(""2018-11-09T14:31:49.573+05:30"")","ISODate(""2018-11-12T17:23:11.264+05:30"")",false,"Mental Arithmetic","Gujarat"
0,"ObjectId(""5be54d15ecdebcf770ef225b"")","8087","Aloha Prahladnagar Corpor","ISODate(""2018-11-09T14:32:13.768+05:30"")","ISODate(""2018-11-12T17:23:34.950+05:30"")",false,"Tiny Tots","Gujarat"
0,"ObjectId(""5be54d35ecdebcf770ef225c"")","8087","Aloha Prahladnagar Corpor","ISODate(""2018-11-09T14:32:45.399+05:30"")","ISODate(""2018-11-12T17:23:53.771+05:30"")",false,"English Smart","Gujarat"
0,"ObjectId(""5be54dd6ecdebcf770ef225d"")","8088","Aloha Kalol","ISODate(""2018-11-09T14:35:26.539+05:30"")","ISODate(""2018-11-15T11:30:11.603+05:30"")",false,"Mental Arithmetic","Gujarat"
0,"ObjectId(""5be54df2ecdebcf770ef225f"")","8088","Aloha Kalol","ISODate(""2018-11-09T14:35:54.004+05:30"")","ISODate(""2018-11-15T11:30:48.736+05:30"")",false,"Tiny Tots","Gujarat"
0,"ObjectId(""5be54e0eecdebcf770ef2260"")","8088","Aloha Kalol","ISODate(""2018-11-09T14:36:22.496+05:30"")","ISODate(""2018-11-15T11:32:08.577+05:30"")",false,"English Smart","Gujarat"
0,"ObjectId(""5be54ef3ecdebcf770ef2261"")","8089","Aloha Raiya Road","ISODate(""2018-11-09T14:40:11.045+05:30"")","ISODate(""2018-11-12T17:25:46.773+05:30"")",false,"Mental Arithmetic","Gujarat"
0,"ObjectId(""5be550b9ecdebcf770ef2264"")","8089","Aloha Raiya Road","ISODate(""2018-11-09T14:47:45.748+05:30"")","ISODate(""2018-11-12T17:26:03.025+05:30"")",false,"Tiny Tots","Gujarat"
0,"ObjectId(""5be5574aecdebcf770ef226a"")","8089","Aloha Raiya Road","ISODate(""2018-11-09T15:15:46.913+05:30"")","ISODate(""2018-11-12T17:26:17.418+05:30"")",false,"English Smart","Gujarat"
0,"ObjectId(""5be5575fecdebcf770ef226b"")","8089","Aloha Raiya Road","ISODate(""2018-11-09T15:16:07.600+05:30"")","ISODate(""2018-11-12T17:26:34.050+05:30"")",false,"Speed Maths","Gujarat"
0,"ObjectId(""5be557fdecdebcf770ef226c"")","8090","Aloha Mehsana","ISODate(""2018-11-09T15:18:45.570+05:30"")","ISODate(""2018-11-12T17:27:09.926+05:30"")",false,"Mental Arithmetic","Gujarat"
0,"ObjectId(""5be55871ecdebcf770ef226d"")","8090","Aloha Mehsana","ISODate(""2018-11-09T15:20:41.345+05:30"")","ISODate(""2018-11-12T17:27:25.934+05:30"")",false,"Tiny Toys","Gujarat"
0,"ObjectId(""5be55887ecdebcf770ef226e"")","8090","Aloha Mehsana","ISODate(""2018-11-09T15:21:03.008+05:30"")","ISODate(""2018-11-12T17:27:43.640+05:30"")",false,"English Smart","Gujarat"
0,"ObjectId(""5be5589becdebcf770ef226f"")","8090","Aloha Mehsana","ISODate(""2018-11-09T15:21:23.550+05:30"")","ISODate(""2018-11-12T17:27:59.359+05:30"")",false,"Speed Maths","Gujarat"
0,"ObjectId(""5be55965ecdebcf770ef2270"")","8091","Aloha New Ranip","ISODate(""2018-11-09T15:24:45.199+05:30"")","ISODate(""2018-11-12T17:28:25.140+05:30"")",false,"Mental Arithmetic","Gujarat"
0,"ObjectId(""5be5598eecdebcf770ef2271"")","8091","Aloha New Ranip","ISODate(""2018-11-09T15:25:26.711+05:30"")","ISODate(""2018-11-12T17:28:41.076+05:30"")",false,"Tiny Tots","Gujarat"
0,"ObjectId(""5be559b8ecdebcf770ef2272"")","8091","Aloha New Ranip","ISODate(""2018-11-09T15:26:08.607+05:30"")","ISODate(""2018-11-12T17:28:55.810+05:30"")",false,"English Smart","Gujarat"
0,"ObjectId(""5be55a4decdebcf770ef2276"")","8092","Aloha Jetpur","ISODate(""2018-11-09T15:28:37.585+05:30"")","ISODate(""2018-11-12T17:29:19.196+05:30"")",false,"Mental Arithmetic","Gujarat"
0,"ObjectId(""5be55a78ecdebcf770ef2277"")","8092","Aloha Jetpur","ISODate(""2018-11-09T15:29:20.865+05:30"")","ISODate(""2018-11-12T17:29:37.258+05:30"")",false,"Tiny Tots","Gujarat"
0,"ObjectId(""5be55a9decdebcf770ef227a"")","8092","Aloha Jetpur","ISODate(""2018-11-09T15:29:57.166+05:30"")","ISODate(""2018-11-12T17:29:55.768+05:30"")",false,"English Smart","Gujarat"
0,"ObjectId(""5be55ebfecdebcf770ef2280"")","8093","Aloha Tarsadi","ISODate(""2018-11-09T15:47:35.941+05:30"")","ISODate(""2018-11-12T17:30:19.983+05:30"")",false,"Mental Arithmetic","Gujarat"
0,"ObjectId(""5be55f5cecdebcf770ef2281"")","8093","Aloha Tarsadi","ISODate(""2018-11-09T15:50:12.569+05:30"")","ISODate(""2018-11-12T17:30:35.055+05:30"")",false,"Tiny Tots","Gujarat"
0,"ObjectId(""5be55f7becdebcf770ef2282"")","8093","Aloha Tarsadi","ISODate(""2018-11-09T15:50:43.962+05:30"")","ISODate(""2018-11-12T17:30:55.550+05:30"")",false,"English Smart","Gujarat"
0,"ObjectId(""5be56098ecdebcf770ef2283"")","8094","Aloha Madhapar - Bhuj","ISODate(""2018-11-09T15:55:28.694+05:30"")","ISODate(""2018-11-15T11:58:47.838+05:30"")",false,"Mental Arithmetic","Gujarat"
0,"ObjectId(""5be560cfecdebcf770ef2284"")","8094","Aloha Madhapar - Bhuj","ISODate(""2018-11-09T15:56:23.870+05:30"")","ISODate(""2018-11-15T11:59:18.831+05:30"")",false,"Tiny Tots","Gujarat"
0,"ObjectId(""5be560faecdebcf770ef2285"")","8094","Aloha Madhapar - Bhuj","ISODate(""2018-11-09T15:57:06.071+05:30"")","ISODate(""2018-11-15T11:59:46.514+05:30"")",false,"English Smart","Gujarat"
0,"ObjectId(""5be56158ecdebcf770ef2286"")","8095","Aloha Utran","ISODate(""2018-11-09T15:58:40.038+05:30"")","ISODate(""2018-11-12T17:32:17.188+05:30"")",false,"Mental Arithmetic","Gujarat"
0,"ObjectId(""5be56180ecdebcf770ef2287"")","8095","Aloha Utran","ISODate(""2018-11-09T15:59:20.685+05:30"")","ISODate(""2018-11-12T17:32:35.066+05:30"")",false,"Tiny Tots","Gujarat"
0,"ObjectId(""5be5619decdebcf770ef2288"")","8095","Aloha Utran","ISODate(""2018-11-09T15:59:49.231+05:30"")","ISODate(""2018-11-12T17:32:49.062+05:30"")",false,"English Smart","Gujarat"
0,"ObjectId(""5be65cec2d62dc521fbdf925"")","6704A","Aloha Colonel Chowmuhani","ISODate(""2018-11-10T09:52:04.860+05:30"")","ISODate(""2018-11-10T09:52:04.873+05:30"")",false,"Mental Arithmetic","Tripura"
0,"ObjectId(""5be65d602d62dc521fbdf926"")","6716A","Aloha Manughat","ISODate(""2018-11-10T09:54:00.816+05:30"")","ISODate(""2018-11-10T09:54:00.817+05:30"")",false,"Mental Arithmetic","Tripura"
0,"ObjectId(""5be65d822d62dc521fbdf927"")","6716A","Aloha Manughat","ISODate(""2018-11-10T09:54:34.496+05:30"")","ISODate(""2018-11-10T09:54:34.498+05:30"")",false,"Tiny Tots","Tripura"
0,"ObjectId(""5bea6bdd6c2ee60f398bbb5a"")","1100","Aloha Vidhya Matric","ISODate(""2018-11-13T11:44:53.728+05:30"")","ISODate(""2018-11-13T12:12:21.386+05:30"")",true,"State Mental Arithmetic","Tamil Nadu"
0,"ObjectId(""5bea6bfd6c2ee60f398bbb5b"")","1100","Aloha Vidhya Matric","ISODate(""2018-11-13T11:45:25.473+05:30"")","ISODate(""2018-11-13T12:13:12.630+05:30"")",true,"State Tiny Tots","Tamil Nadu"
0,"ObjectId(""5bea72e36c2ee60f398bbb62"")","1100","Aloha Vidhya Matric","ISODate(""2018-11-13T12:14:51.521+05:30"")","ISODate(""2018-11-13T12:14:51.529+05:30"")",true,"Mental Arithmetic","Tamil Nadu"
0,"ObjectId(""5bea73056c2ee60f398bbb63"")","1100","Aloha Vidhya Matric","ISODate(""2018-11-13T12:15:25.675+05:30"")","ISODate(""2018-11-13T12:15:25.677+05:30"")",true,"Tiny Tots","Tamil Nadu"
0,"ObjectId(""5bea73d46c2ee60f398bbb65"")","8096","Aloha Khavdi - Jamnagar","ISODate(""2018-11-13T12:18:52.631+05:30"")","ISODate(""2018-11-13T18:14:50.395+05:30"")",false,"Mental Arithmetic","Gujarat"
0,"ObjectId(""5bea73f06c2ee60f398bbb66"")","8096","Aloha Khavdi - Jamnagar","ISODate(""2018-11-13T12:19:20.333+05:30"")","ISODate(""2018-11-13T18:15:14.472+05:30"")",false,"Tiny Tots","Gujarat"
0,"ObjectId(""5bea74076c2ee60f398bbb67"")","8096","Aloha Khavdi - Jamnagar","ISODate(""2018-11-13T12:19:43.376+05:30"")","ISODate(""2018-11-13T18:15:40.279+05:30"")",false,"English Smart","Gujarat"
0,"ObjectId(""5beaa6e36c2ee60f398bbbdd"")","1099","Aloha Periya Palayam","ISODate(""2018-11-13T15:56:43.617+05:30"")","ISODate(""2018-11-13T15:56:43.619+05:30"")",true,"State Mental Arithmetic","Tamil Nadu"
0,"ObjectId(""5beaa7106c2ee60f398bbbde"")","1099","Aloha Periya Palayam","ISODate(""2018-11-13T15:57:28.867+05:30"")","ISODate(""2018-11-13T15:57:28.869+05:30"")",true,"State Tiny Tots","Tamil Nadu"
0,"ObjectId(""5bebe4276c2ee60f398bbc72"")","8097","Aloha Ghatlodiya","ISODate(""2018-11-14T14:30:23.504+05:30"")","ISODate(""2018-11-15T11:17:04.660+05:30"")",false,"Mental Arithmetic","Gujarat"
0,"ObjectId(""5bebe45e6c2ee60f398bbc73"")","8097","Aloha Ghatlodiya","ISODate(""2018-11-14T14:31:18.481+05:30"")","ISODate(""2018-11-14T14:31:18.482+05:30"")",false,"Tiny Tots","Gujarat"
0,"ObjectId(""5bebe4916c2ee60f398bbc75"")","8097","Aloha Ghatlodiya","ISODate(""2018-11-14T14:32:09.815+05:30"")","ISODate(""2018-11-14T14:32:09.817+05:30"")",false,"English Smart","Gujarat"
0,"ObjectId(""5bed087b6c2ee60f398bbd1e"")","8097","Aloha Ghatlodiya","ISODate(""2018-11-15T11:17:39.708+05:30"")","ISODate(""2018-11-15T11:17:39.710+05:30"")",false,"Speed Maths","Gujarat"
0,"ObjectId(""5bed1adf6c2ee60f398bbd24"")","8098","Aloha Ankleshwar - GIDC","ISODate(""2018-11-15T12:36:07.544+05:30"")","ISODate(""2018-11-15T12:36:07.550+05:30"")",false,"Mental Arithmetic","Gujarat"
0,"ObjectId(""5bed1af56c2ee60f398bbd25"")","8098","Aloha Ankleshwar - GIDC","ISODate(""2018-11-15T12:36:29.869+05:30"")","ISODate(""2018-11-15T12:36:29.871+05:30"")",false,"Tiny Tots","Gujarat"
0,"ObjectId(""5bed1b0e6c2ee60f398bbd26"")","8098","Aloha Ankleshwar - GIDC","ISODate(""2018-11-15T12:36:54.874+05:30"")","ISODate(""2018-11-15T12:36:54.875+05:30"")",false,"English Smart","Gujarat"
0,"ObjectId(""5bed1be56c2ee60f398bbd27"")","8099","Aloha Rawalwadi Relocation Site - Bhuj","ISODate(""2018-11-15T12:40:29.505+05:30"")","ISODate(""2018-11-15T12:40:29.512+05:30"")",false,"Mental Arithmetic","Gujarat"
0,"ObjectId(""5bed1c026c2ee60f398bbd28"")","8099","Aloha Rawalwadi Relocation Site - Bhuj","ISODate(""2018-11-15T12:40:58.872+05:30"")","ISODate(""2018-11-15T12:40:58.873+05:30"")",false,"Tiny Tots","Gujarat"
0,"ObjectId(""5bed1c226c2ee60f398bbd29"")","8099","Aloha Rawalwadi Relocation Site - Bhuj","ISODate(""2018-11-15T12:41:30.084+05:30"")","ISODate(""2018-11-15T12:41:30.086+05:30"")",false,"English Smart","Gujarat"
0,"ObjectId(""5bed1c9d6c2ee60f398bbd2a"")","8100","Aloha New Vesu Center","ISODate(""2018-11-15T12:43:33.842+05:30"")","ISODate(""2018-11-15T12:43:33.843+05:30"")",false,"Mental Arithmetic","Gujarat"
0,"ObjectId(""5bed1d0c6c2ee60f398bbd2b"")","8100","Aloha New Vesu Center","ISODate(""2018-11-15T12:45:24.516+05:30"")","ISODate(""2018-11-15T12:45:24.518+05:30"")",false,"Tiny Tots","Gujarat"
0,"ObjectId(""5bed1d276c2ee60f398bbd2c"")","8100","Aloha New Vesu Center","ISODate(""2018-11-15T12:45:51.334+05:30"")","ISODate(""2018-11-15T12:45:51.335+05:30"")",false,"English Smart","Gujarat"
0,"ObjectId(""5bed28786c2ee60f398bbd3a"")","8101","Aloha Vasna - Bhayli Road - Vadodara","ISODate(""2018-11-15T13:34:08.193+05:30"")","ISODate(""2018-11-15T13:34:08.196+05:30"")",false,"Mental Arithmetic","Gujarat"
0,"ObjectId(""5bed28a96c2ee60f398bbd3b"")","8101","Aloha Vasna - Bhayli Road - Vadodara","ISODate(""2018-11-15T13:34:57.705+05:30"")","ISODate(""2018-11-15T13:34:57.706+05:30"")",false,"Tiny Tots","Gujarat"
0,"ObjectId(""5bed28c56c2ee60f398bbd3c"")","8101","Aloha Vasna - Bhayli Road - Vadodara","ISODate(""2018-11-15T13:35:25.599+05:30"")","ISODate(""2018-11-15T13:35:25.601+05:30"")",false,"English Smart","Gujarat"
0,"ObjectId(""5bed29d46c2ee60f398bbd41"")","8102","Aloha Vasna Road - Vadodara","ISODate(""2018-11-15T13:39:56.844+05:30"")","ISODate(""2018-11-15T13:39:56.848+05:30"")",false,"Mental Arithmetic","Gujarat"
0,"ObjectId(""5bed29f36c2ee60f398bbd42"")","8102","Aloha Vasna Road - Vadodara","ISODate(""2018-11-15T13:40:27.418+05:30"")","ISODate(""2018-11-15T13:40:27.419+05:30"")",false,"Tiny Tots","Gujarat"
0,"ObjectId(""5bed2a236c2ee60f398bbd43"")","8102","Aloha Vasna Road - Vadodara","ISODate(""2018-11-15T13:41:15.357+05:30"")","ISODate(""2018-11-15T13:41:15.359+05:30"")",false,"English Smart","Gujarat"
0,"ObjectId(""5bed2aa56c2ee60f398bbd44"")","8103","Aloha Kapadwanj Center","ISODate(""2018-11-15T13:43:25.803+05:30"")","ISODate(""2018-11-15T13:43:25.805+05:30"")",false,"Mental Arithmetic","Gujarat"
0,"ObjectId(""5bed2ac66c2ee60f398bbd45"")","8103","Aloha Kapadwanj Center","ISODate(""2018-11-15T13:43:58.083+05:30"")","ISODate(""2018-11-15T13:43:58.086+05:30"")",false,"Tiny Tots","Gujarat"
0,"ObjectId(""5bed2add6c2ee60f398bbd46"")","8103","Aloha Kapadwanj Center","ISODate(""2018-11-15T13:44:21.742+05:30"")","ISODate(""2018-11-15T13:44:21.744+05:30"")",false,"English Smart","Gujarat"
0,"ObjectId(""5bed2b726c2ee60f398bbd48"")","8104","Aloha Bardoli Center","ISODate(""2018-11-15T13:46:50.732+05:30"")","ISODate(""2018-11-15T13:46:50.734+05:30"")",false,"Mental Arithmetic","Gujarat"
0,"ObjectId(""5bed2b906c2ee60f398bbd49"")","8104","Aloha Bardoli Center","ISODate(""2018-11-15T13:47:20.517+05:30"")","ISODate(""2018-11-15T13:47:20.518+05:30"")",false,"Tiny Tots","Gujarat"
0,"ObjectId(""5bed2bab6c2ee60f398bbd4a"")","8104","Aloha Bardoli Center","ISODate(""2018-11-15T13:47:47.868+05:30"")","ISODate(""2018-11-15T13:47:47.870+05:30"")",false,"English Smart","Gujarat"
0,"ObjectId(""5bed2c0a6c2ee60f398bbd4b"")","8105","Aloha Jodhpur Center","ISODate(""2018-11-15T13:49:22.378+05:30"")","ISODate(""2018-11-15T13:49:22.379+05:30"")",false,"Mental Arithmetic","Gujarat"
0,"ObjectId(""5bed2c3a6c2ee60f398bbd4c"")","8105","Aloha Jodhpur Center","ISODate(""2018-11-15T13:50:10.318+05:30"")","ISODate(""2018-11-15T13:50:10.320+05:30"")",false,"Tiny Tots","Gujarat"
0,"ObjectId(""5bed2c4f6c2ee60f398bbd4d"")","8105","Aloha Jodhpur Center","ISODate(""2018-11-15T13:50:31.972+05:30"")","ISODate(""2018-11-15T13:50:31.976+05:30"")",false,"English Smart","Gujarat"
